job_id,category,workload_family,gpus,gpu_count_required,gpu_type_required,cpu_required,memory_required_gb,duration,duration_h,power_kw,e_kw,power,earliest_start,latest_start,slot_minutes,runtime_hours_sampled,source_trace_job
synthetic_00001,preprocessing,preprocessing,1,1,,3.152,5.46875,1,0.25,0.15,0.15,0.00015,71,82,15,0.079722,openb-pod-1081
synthetic_00002,preprocessing,preprocessing,1,1,,11.908,46.0,7,1.75,0.25,0.25,0.00025,8,15,15,1.585556,openb-pod-0237
synthetic_00003,preprocessing,preprocessing,1,1,,4.0,29.8017578125,7,1.75,0.15,0.15,0.00015,59,75,15,1.733611,openb-pod-4428
synthetic_00004,preprocessing,preprocessing,1,1,,18.708,63.0,1,0.25,0.35,0.35,0.00035,41,52,15,0.158333,openb-pod-3038
synthetic_00005,fine_tuning,fine_tuning,1,1,T4,3.152,5.46875,1,0.25,0.07,0.07,7e-05,10,19,15,0.008056,openb-pod-7084
synthetic_00006,fine_tuning,fine_tuning,1,1,G2,18.708,63.0,2,0.5,0.35,0.35,0.00035,41,53,15,0.4675,openb-pod-3709
synthetic_00007,preprocessing,preprocessing,1,1,,8.0,29.8017578125,4,1.0,0.25,0.25,0.00025,9,19,15,0.804167,openb-pod-8014
synthetic_00008,preprocessing,preprocessing,1,1,,4.0,14.900390625,6,1.5,0.25,0.25,0.00025,25,35,15,1.274722,openb-pod-3921
synthetic_00009,preprocessing,preprocessing,1,1,,18.708,63.0,1,0.25,0.25,0.25,0.00025,77,92,15,0.205833,openb-pod-4806
synthetic_00010,preprocessing,preprocessing,1,1,,18.708,63.0,4,1.0,0.07,0.07,7e-05,17,33,15,0.873056,openb-pod-3778
synthetic_00011,fine_tuning,fine_tuning,1,1,T4,1.0,2.0,1,0.25,0.07,0.07,7e-05,33,47,15,0.086944,openb-pod-2471
synthetic_00012,fine_tuning,fine_tuning,1,1,T4,9.81,40.5859375,2,0.5,0.07,0.07,7e-05,11,22,15,0.315556,openb-pod-0591
synthetic_00013,preprocessing,preprocessing,1,1,,3.152,5.46875,1,0.25,0.15,0.15,0.00015,13,23,15,0.088056,openb-pod-4956
synthetic_00014,preprocessing,preprocessing,1,1,,11.908,46.0,4,1.0,0.35,0.35,0.00035,77,88,15,0.781944,openb-pod-3791
synthetic_00015,preprocessing,preprocessing,1,1,,9.81,40.5859375,1,0.25,0.15,0.15,0.00015,26,31,15,0.023611,openb-pod-7389
synthetic_00016,preprocessing,preprocessing,1,1,,3.152,5.46875,1,0.25,0.25,0.25,0.00025,61,68,15,0.208611,openb-pod-3714
synthetic_00017,preprocessing,preprocessing,1,1,,4.0,29.8017578125,1,0.25,0.25,0.25,0.00025,1,15,15,0.015833,openb-pod-1540
synthetic_00018,preprocessing,preprocessing,1,1,,11.4,47.0,1,0.25,0.35,0.35,0.00035,3,10,15,0.2175,openb-pod-2589
synthetic_00019,fine_tuning,fine_tuning,1,1,T4,3.152,5.46875,1,0.25,0.07,0.07,7e-05,76,82,15,0.083611,openb-pod-0192
synthetic_00020,preprocessing,preprocessing,1,1,,14.2,57.0,1,0.25,0.25,0.25,0.00025,91,95,15,0.013056,openb-pod-5217
synthetic_00021,fine_tuning,fine_tuning,1,1,T4,14.2,57.0,2,0.5,0.07,0.07,7e-05,74,86,15,0.451944,openb-pod-4854
synthetic_00022,fine_tuning,fine_tuning,1,1,G2,11.3,48.0,1,0.25,0.35,0.35,0.00035,47,56,15,0.021944,openb-pod-6644
synthetic_00023,preprocessing,preprocessing,1,1,,18.708,63.0,1,0.25,0.35,0.35,0.00035,22,33,15,0.024722,openb-pod-0164
synthetic_00024,fine_tuning,fine_tuning,1,1,T4,11.4,47.0,1,0.25,0.07,0.07,7e-05,78,85,15,0.013889,openb-pod-2331
synthetic_00025,fine_tuning,fine_tuning,1,1,T4,3.152,5.46875,2,0.5,0.07,0.07,7e-05,20,32,15,0.310833,openb-pod-3864
synthetic_00026,preprocessing,preprocessing,1,1,G2|P100|T4|V100M16|V100M32,4.0,14.900390625,2,0.5,0.25,0.25,0.00025,83,94,15,0.434444,openb-pod-4095
synthetic_00027,preprocessing,preprocessing,1,1,,24.2,91.0,3,0.75,0.25,0.25,0.00025,0,7,15,0.608889,openb-pod-6122
synthetic_00028,fine_tuning,fine_tuning,1,1,G3,11.908,46.0,1,0.25,0.35,0.35,0.00035,19,30,15,0.024444,openb-pod-7981
synthetic_00029,fine_tuning,fine_tuning,1,1,T4,11.908,46.0,1,0.25,0.07,0.07,7e-05,44,58,15,0.013333,openb-pod-2353
synthetic_00030,preprocessing,preprocessing,1,1,,11.908,46.0,1,0.25,0.25,0.25,0.00025,46,59,15,0.035,openb-pod-7286
synthetic_00031,fine_tuning,fine_tuning,1,1,T4,16.0,64.0,14,3.5,0.07,0.07,7e-05,11,19,15,3.323611,openb-pod-5074
synthetic_00032,preprocessing,preprocessing,1,1,,11.908,46.0,2,0.5,0.07,0.07,7e-05,79,86,15,0.283333,openb-pod-6471
synthetic_00033,preprocessing,preprocessing,1,1,,12.0,15.0,1,0.25,0.35,0.35,0.00035,58,63,15,0.216667,openb-pod-0550
synthetic_00034,fine_tuning,fine_tuning,1,1,T4,11.908,46.0,1,0.25,0.07,0.07,7e-05,89,95,15,0.0125,openb-pod-1156
synthetic_00035,preprocessing,preprocessing,1,1,,11.908,46.0,7,1.75,0.07,0.07,7e-05,75,81,15,1.5175,openb-pod-0483
synthetic_00036,preprocessing,preprocessing,1,1,,16.0,32.0,2,0.5,0.25,0.25,0.00025,47,53,15,0.320278,openb-pod-0034
synthetic_00037,preprocessing,preprocessing,1,1,,3.152,5.46875,1,0.25,0.15,0.15,0.00015,0,8,15,0.038056,openb-pod-1831
synthetic_00038,preprocessing,preprocessing,1,1,,4.0,29.8017578125,2,0.5,0.07,0.07,7e-05,11,17,15,0.293333,openb-pod-1999
synthetic_00039,fine_tuning,fine_tuning,1,1,G2,11.4,47.0,1,0.25,0.35,0.35,0.00035,6,16,15,0.024167,openb-pod-2895
synthetic_00040,preprocessing,preprocessing,1,1,,3.152,5.46875,1,0.25,0.15,0.15,0.00015,85,89,15,0.062222,openb-pod-3225
synthetic_00041,preprocessing,preprocessing,1,1,,3.152,5.46875,1,0.25,0.25,0.25,0.00025,57,69,15,0.002778,openb-pod-7539
synthetic_00042,preprocessing,preprocessing,1,1,,12.0,15.0,16,4.0,0.25,0.25,0.00025,0,11,15,3.818611,openb-pod-5718
synthetic_00043,preprocessing,preprocessing,1,1,,11.4,47.0,1,0.25,0.35,0.35,0.00035,68,77,15,0.193333,openb-pod-3962
synthetic_00044,preprocessing,preprocessing,1,1,,4.0,29.8017578125,5,1.25,0.07,0.07,7e-05,59,73,15,1.076944,openb-pod-6607
synthetic_00045,preprocessing,preprocessing,1,1,,11.908,46.0,15,3.75,0.35,0.35,0.00035,0,8,15,3.551667,openb-pod-5382
synthetic_00046,preprocessing,preprocessing,1,1,,3.152,5.46875,1,0.25,0.15,0.15,0.00015,31,41,15,0.053056,openb-pod-1112
synthetic_00047,preprocessing,preprocessing,1,1,,11.4,47.0,4,1.0,0.07,0.07,7e-05,56,69,15,0.751389,openb-pod-4354
synthetic_00048,fine_tuning,fine_tuning,1,1,T4,11.908,46.0,2,0.5,0.07,0.07,7e-05,24,32,15,0.295,openb-pod-5051
synthetic_00049,fine_tuning,fine_tuning,1,1,T4,11.4,47.0,1,0.25,0.07,0.07,7e-05,5,18,15,0.0375,openb-pod-2358
synthetic_00050,preprocessing,preprocessing,1,1,,15.2,79.0,5,1.25,0.25,0.25,0.00025,57,64,15,1.064722,openb-pod-4510
