scenario_id,seed,target_gpu_utilization,cheap_block_pressure,cheap_window_share,restricted_gpu_share,multi_gpu_share,window_min,window_max,cheap_block_start,cheap_block_length,max_jobs,price_contrast,contracted_power_ratio,cpu_per_gpu,memory_gb_per_gpu,cpu_jitter,memory_jitter,power_jitter,num_jobs,job_gpu_slots,global_gpu_slot_utilization,cheap_block_pressure_actual,global_utilization_target_met,cheap_pressure_target_met,restricted_gpu_share_actual,multi_gpu_share_actual,mean_duration_slots,median_window_width_slots,mean_window_width_slots,assignment_density_proxy,status,gurobi_status,classification,build_s,runtime_s,first_solution_s,mip_gap,objective,best_bound,num_vars,num_constraints,assignment_vars,cheap_block_gpu_utilization,renewable_cost,grid_cost,energy_cost,peak_load,peak_grid_import,contracted_power,peak_over_contracted,peak_cost,total_cost,pue,pue_min,pue_max,baseline_energy_mwh,flexible_energy_mwh,it_energy_mwh,total_energy_mwh,renewable_available_mwh,renewable_energy_mwh,renewable_curtailment_mwh,grid_energy_mwh,battery_charge_mwh,battery_discharge_mwh,max_power_utilization,mean_power_utilization,max_gpu_utilization,mean_gpu_utilization,max_cpu_utilization,mean_cpu_utilization,max_memory_utilization,mean_memory_utilization,focused_id,time_limit_seconds,target_mip_gap
0,50001,0.8,1.4,0.75,0.25,0.3,4,10,5,5,90,1.5,0.7,8.0,48.0,0.2,0.2,0.1,64,149.0,0.7760416666666666,2.3833333333333333,False,True,0.296875,0.171875,1.921875,9.0,8.328125,647.0,solved_or_feasible,optimal,easy_or_medium,0.04804110527038574,6.853441953659058,2.188180923461914,0.0009012202573093258,0.7139938691411103,0.7133504034026457,1644,369,1610,0.9333333333333333,0.09286199999999997,0.6211318691411105,0.7139938691411105,0.0030577048390218902,0.0022220091324350174,0.0022511999999999996,0.0,0.0,0.7139938691411105,1.2,1.2,1.2,0.0,0.0077724847349909245,0.0077724847349909245,0.009326981681989109,0.0026532,0.0026531999999999997,8.673617379884035e-19,0.006673781681989109,0.0,0.0,0.999145837719499,0.7488101939194064,1.0,0.8125,0.9987249838187358,0.798229259415307,0.9996331615046716,0.7961600083063565,0,180,0.001
0,50002,0.8,1.4,0.75,0.25,0.3,4,10,5,5,90,1.5,0.7,8.0,48.0,0.2,0.2,0.1,64,154.0,0.8020833333333334,2.533333333333333,True,True,0.21875,0.15625,1.9375,8.0,8.015625,606.0,solved_or_feasible,optimal,optimization_hard_runtime,0.02337503433227539,42.655515909194946,2.750256061553955,0.0009603819620045502,0.5683349218324821,0.567789103225177,1610,369,1576,0.95,0.09286069639148009,0.47547422544100193,0.568334921832482,0.0031976430702392814,0.001817485945222016,0.0022511999999999996,0.0,0.0,0.568334921832482,1.2,1.2,1.2,0.0,0.0066988271421223305,0.0066988271421223305,0.008038592570546794,0.0026532,0.0026531627540422884,3.724595771202859e-08,0.0053852078284138405,0.0,0.0,1.0002098426133206,0.6590602672183158,1.0,0.796875,0.9982549470466549,0.7896806848616489,0.9998825123575221,0.7857903454230124,0,180,0.001
0,50003,0.8,1.4,0.75,0.25,0.3,4,10,5,5,90,1.5,0.7,8.0,48.0,0.2,0.2,0.1,62,154.0,0.8020833333333334,2.466666666666667,True,True,0.25806451612903225,0.24193548387096775,1.8225806451612903,9.0,8.516129032258064,698.0,solved_or_feasible,optimal,proof_harder_than_feasibility,0.023331165313720703,6.696462869644165,0.13055205345153809,0.0008278031363616119,0.6862322213795863,0.6856641561944559,1604,367,1570,0.9666666666666667,0.09286200000000001,0.5933702213795861,0.6862322213795861,0.003089110092191623,0.002198929074868261,0.0022511999999999996,0.0,0.0,0.6862322213795861,1.2,1.2,1.2,0.0,0.007550462891317551,0.007550462891317551,0.00906055546958106,0.0026532,0.0026532,1.0842021724855044e-19,0.006407355469581057,0.0,0.0,1.002336734778659,0.7038079067090479,1.0,0.79296875,0.9978893964063444,0.7723910698344021,0.9992936359581547,0.7795515736634502,0,180,0.001
1,51001,0.8,1.4,0.75,0.25,0.5,4,10,5,5,90,1.5,0.7,8.0,48.0,0.2,0.2,0.1,60,151.0,0.7864583333333334,2.4833333333333334,False,True,0.11666666666666667,0.23333333333333334,2.0166666666666666,9.0,8.683333333333334,687.0,solved_or_feasible,optimal,optimization_hard_runtime,0.02435016632080078,21.143022060394287,3.618824005126953,0.0004987562124418766,0.7253995714076439,0.7250377738649016,1728,365,1694,1.0,0.092862,0.6325375714076438,0.7253995714076438,0.003158701243453594,0.0022144657878080337,0.0022511999999999996,0.0,0.0,0.7253995714076438,1.2,1.2,1.2,0.0,0.007978578948873754,0.007978578948873754,0.009574294738648504,0.0026532,0.0026531999999999997,4.607859233063394e-19,0.006921094738648504,0.0,0.0,1.0005807916155052,0.7433641288017501,1.0,0.79296875,0.999090478207807,0.775206145024886,0.9995959206376148,0.7843354922119812,1,180,0.001
1,51002,0.8,1.4,0.75,0.25,0.5,4,10,5,5,90,1.5,0.7,8.0,48.0,0.2,0.2,0.1,55,155.0,0.8072916666666666,2.533333333333333,True,True,0.23636363636363636,0.32727272727272727,2.0727272727272728,9.0,8.054545454545455,619.0,solved_or_feasible,optimal,proof_harder_than_feasibility,0.024932146072387695,5.952009916305542,0.13207006454467773,0.0009937557993542332,0.6411573984584868,0.6405202445754699,1412,360,1378,0.9833333333333333,0.092862,0.5482953984584871,0.6411573984584871,0.0031987458102559017,0.001839343262187001,0.0022511999999999996,0.0,0.0,0.6411573984584871,1.2,1.2,1.2,0.0,0.00737255296049885,0.00737255296049885,0.008847063552598618,0.0026532,0.0026531999999999997,5.692061405548898e-19,0.006193788608792315,0.0,0.0,1.0004996253753577,0.6789971218331968,1.0,0.7890625,0.9953979196513256,0.7529276756419285,0.9959655268644306,0.7619272386869149,1,180,0.001
1,51003,0.8,1.4,0.75,0.25,0.5,4,10,5,5,90,1.5,0.7,8.0,48.0,0.2,0.2,0.1,59,156.0,0.8125,2.6,True,True,0.1694915254237288,0.3220338983050847,1.9491525423728813,8.0,8.35593220338983,711.0,solved_or_feasible,optimal,optimization_hard_runtime,0.023825883865356445,157.8842420578003,0.41130900382995605,0.0009986075556827412,0.7436781335918834,0.7429354909886825,1558,364,1524,0.95,0.092862,0.6508161335918833,0.7436781335918833,0.003176320253784321,0.002240159107636607,0.0022511999999999996,0.0,0.0,0.7436781335918833,1.2,1.2,1.2,0.0,0.00813287256683265,0.00813287256683265,0.00975944708019918,0.0026532,0.0026531999999999997,5.421010862427522e-19,0.007106168175178626,0.0,0.0,0.9970368048292771,0.7427854953914397,1.0,0.8046875,0.9998267101278996,0.8016500044299896,0.9995809206967451,0.7916523965755171,1,180,0.001
2,52001,0.8,1.4,0.75,0.5,0.3,4,10,5,5,90,1.5,0.7,8.0,48.0,0.2,0.2,0.1,66,154.0,0.8020833333333334,2.55,True,True,0.3939393939393939,0.13636363636363635,2.015151515151515,8.0,7.96969696969697,601.0,solved_or_feasible,time_limit,optimization_hard_gap,0.02480792999267578,180.02644991874695,0.34594082832336426,0.002154646242742916,0.7026922470854866,0.7011781938754993,1464,371,1430,0.9333333333333333,0.09286200000000001,0.6098302470854864,0.7026922470854864,0.00315761441904395,0.0022156358008204808,0.0022511999999999996,0.0,0.0,0.7026922470854864,1.2,1.2,1.2,0.0,0.00769986462288059,0.00769986462288059,0.009239837547456706,0.0026532,0.0026532,2.168404344971009e-19,0.006586572100722905,0.0,0.0,1.0002251524919736,0.747321248673826,1.0,0.80078125,0.9955208861310004,0.795096906002728,0.9990636665870075,0.7963750501533522,2,180,0.001
2,52002,0.8,1.4,0.75,0.5,0.3,4,10,5,5,90,1.5,0.7,8.0,48.0,0.2,0.2,0.1,69,152.0,0.7916666666666666,2.4166666666666665,False,True,0.30434782608695654,0.10144927536231885,1.855072463768116,8.0,8.08695652173913,625.0,solved_or_feasible,time_limit,optimization_hard_gap,0.023794889450073242,180.0166049003601,0.5809071063995361,0.020466689962748093,0.8227122504382731,0.8058740538799982,1735,374,1701,0.7833333333333333,0.092862,0.7184647420603585,0.8113267420603585,0.003175671687674716,0.002266255071530953,0.0022511999999999996,1.5055071530953399e-05,0.01204405722476272,0.8233707992851212,1.2,1.2,1.2,0.0,0.008645412813313833,0.008645412813313833,0.010374495375976598,0.0026532,0.0026531999999999997,5.963111948670274e-19,0.0077212953759765975,0.0,0.0,0.9969947078096283,0.8134467087954096,1.0,0.82421875,0.9962979364576368,0.8105007223593348,0.999381271015524,0.7972189208587337,2,180,0.001
2,52003,0.8,1.4,0.75,0.5,0.3,4,10,5,5,90,1.5,0.7,8.0,48.0,0.2,0.2,0.1,68,154.0,0.8020833333333334,2.5,True,True,0.38235294117647056,0.19117647058823528,1.7941176470588236,8.0,8.088235294117647,672.0,solved_or_feasible,optimal,proof_harder_than_feasibility,0.02321314811706543,9.342152833938599,0.17924189567565918,0.0009413420904076429,0.7696259575188384,0.7689014762111557,1556,373,1522,0.9333333333333333,0.09286200000000001,0.6767639575188382,0.7696259575188382,0.0031471476834991773,0.002252196038290211,0.0022511999999999996,9.960382902113492e-07,0.0007968306321690793,0.7704227881510073,1.2,1.2,1.2,0.0,0.008185168485322254,0.008185168485322254,0.009822202182386705,0.0026532,0.0026532,1.6263032587282567e-19,0.0071690021823866985,0.0,0.0,1.001595795930794,0.7992290761065384,1.0,0.8203125,0.9998026218955781,0.8060365186600741,0.9987074866592082,0.7918785883203352,2,180,0.001
3,53001,0.8,1.4,0.75,0.5,0.5,4,10,5,5,90,1.5,0.7,8.0,48.0,0.2,0.2,0.1,60,154.0,0.8020833333333334,2.566666666666667,True,True,0.3,0.21666666666666667,1.9333333333333333,8.0,8.1,622.0,solved_or_feasible,optimal,proof_harder_than_feasibility,0.022289276123046875,3.530888080596924,0.1717519760131836,0.0009494534243347526,0.6511056954159496,0.6504875008838331,1421,365,1387,0.9333333333333333,0.09286200000000003,0.5582436954159496,0.6511056954159496,0.003159713506198244,0.002184310918082809,0.0022511999999999996,0.0,0.0,0.6511056954159496,1.2,1.2,1.2,0.0,0.007352222401869765,0.007352222401869765,0.008822666882243719,0.0026532,0.0026532,0.0,0.006169466882243717,0.0,0.0,0.999785765469257,0.6973433879020535,1.0,0.796875,0.9997313924761189,0.7887606755518066,0.9964899987359027,0.7881584641009374,3,180,0.001
3,53002,0.8,1.4,0.75,0.5,0.5,4,10,5,5,90,1.5,0.7,8.0,48.0,0.2,0.2,0.1,46,154.0,0.8020833333333334,2.4166666666666665,True,True,0.5,0.34782608695652173,2.239130434782609,8.0,7.956521739130435,515.0,solved_or_feasible,optimal,easy_or_medium,0.022246837615966797,1.6966969966888428,0.10675382614135742,0.0009096765928751931,0.7333776503020809,0.7327105138198633,842,351,808,0.9333333333333333,0.092862,0.6405156503020809,0.7333776503020809,0.0029889467051958858,0.002215602140617966,0.0022511999999999996,0.0,0.0,0.7333776503020809,1.2,1.2,1.2,0.0,0.00791300309392965,0.00791300309392965,0.009495603712715581,0.0026532,0.0026532,3.2526065174565133e-19,0.00684240371271558,0.0,0.0,0.9998062356294269,0.7325789910253405,1.0,0.78125,0.9896166884206576,0.7392150968983499,0.9935672701313615,0.7571528003730152,3,180,0.001
3,53003,0.8,1.4,0.75,0.5,0.5,4,10,5,5,90,1.5,0.7,8.0,48.0,0.2,0.2,0.1,50,155.0,0.8072916666666666,2.5166666666666666,True,True,0.56,0.32,2.24,8.0,7.98,563.0,solved_or_feasible,optimal,easy_or_medium,0.02242588996887207,0.5164968967437744,0.2539949417114258,0.0007651363670299232,0.7307543641609975,0.7301952374216121,888,355,854,1.0,0.092862,0.6378923641609974,0.7307543641609974,0.0031787446115429077,0.0021726080340966156,0.0022511999999999996,0.0,0.0,0.7307543641609974,1.2,1.2,1.2,0.0,0.008078485500457908,0.008078485500457908,0.009694182600549491,0.0026532,0.0026531999999999997,4.607859233063394e-19,0.00704098260054949,0.0,0.0,0.9983833308411603,0.7348201547620001,1.0,0.78515625,0.9950386479793519,0.7590100268207501,0.9977451613271692,0.7692164770599339,3,180,0.001
4,54001,0.8,1.7,0.75,0.25,0.3,4,10,5,5,90,1.5,0.7,8.0,48.0,0.2,0.2,0.1,56,154.0,0.8020833333333334,2.566666666666667,True,True,0.19642857142857142,0.2857142857142857,2.0535714285714284,8.0,8.339285714285714,644.0,solved_or_feasible,optimal,optimization_hard_runtime,0.024415969848632812,14.919548034667969,1.9184021949768066,0.0006311548247728904,0.592085388143862,0.5917116905944575,1477,361,1443,0.9333333333333333,0.092862,0.4992233881438622,0.5920853881438621,0.0031028710741058375,0.002215921343515329,0.0022511999999999996,0.0,0.0,0.5920853881438621,1.2,1.2,1.2,0.0,0.006864574495191256,0.006864574495191256,0.008237489394229507,0.0026532,0.0026531999999999997,6.2341624917916505e-19,0.005584289394229506,0.0,0.0,0.9979191678975742,0.6765100393048943,1.0,0.80078125,0.9991432892536413,0.7979995495146073,0.9978186627879095,0.8074160505426997,4,180,0.001
4,54002,0.8,1.7,0.75,0.25,0.3,4,10,5,5,90,1.5,0.7,8.0,48.0,0.2,0.2,0.1,62,154.0,0.8020833333333334,2.55,True,True,0.24193548387096775,0.1774193548387097,2.032258064516129,8.5,8.193548387096774,603.0,solved_or_feasible,optimal,proof_harder_than_feasibility,0.03176283836364746,4.007073879241943,0.5345299243927002,0.000958346814657663,0.6578861092258965,0.6572556261687124,1625,367,1591,1.0,0.09286200000000001,0.5650241092258964,0.6578861092258964,0.0031886580678265383,0.0020600862246637646,0.0022511999999999996,0.0,0.0,0.6578861092258964,1.2,1.2,1.2,0.0,0.0074530817019339436,0.0074530817019339436,0.008943698042320732,0.0026532,0.0026532,8.809142651444724e-20,0.006290498042320731,0.0,0.0,1.0019365300753778,0.712418867765973,1.0,0.78125,0.9893607090398258,0.7535416475404102,0.9980526171736473,0.7765840476474475,4,180,0.001
4,54003,0.8,1.7,0.75,0.25,0.3,4,10,5,5,90,1.5,0.7,8.0,48.0,0.2,0.2,0.1,65,155.0,0.8072916666666666,2.5166666666666666,True,True,0.16923076923076924,0.15384615384615385,1.9538461538461538,8.0,7.953846153846154,615.0,solved_or_feasible,optimal,optimization_hard_runtime,0.024652957916259766,23.181934118270874,0.1673750877380371,0.0009895069557120792,0.7423029927874831,0.741568478812874,1767,370,1733,0.95,0.09286199999999999,0.6494409927874832,0.7423029927874832,0.0032056643360551754,0.002251200000000004,0.0022511999999999996,4.336808689942018e-18,3.469446951953614e-15,0.7423029927874867,1.2,1.2,1.2,0.0,0.007943230183572224,0.007943230183572224,0.009531876220286669,0.0026532,0.0026531999999999997,6.979551485375435e-19,0.0068783019831785055,0.0,0.0,1.000935339205743,0.777857422686021,1.0,0.81640625,0.993934365479358,0.7974265164766385,0.9975942062226623,0.7684456103747965,4,180,0.001
5,55001,0.8,1.7,0.75,0.25,0.5,4,10,5,5,90,1.5,0.7,8.0,48.0,0.2,0.2,0.1,63,154.0,0.8020833333333334,2.5,True,True,0.20634920634920634,0.2857142857142857,1.7619047619047619,8.0,8.142857142857142,725.0,solved_or_feasible,optimal,optimization_hard_runtime,0.029618263244628906,13.76625108718872,0.17492079734802246,0.0007659898212917102,0.6391744550520817,0.6386848539254821,1570,368,1536,1.0,0.092862,0.5463124550520816,0.6391744550520816,0.003193303432901521,0.0020593209593419153,0.0022511999999999996,0.0,0.0,0.6391744550520816,1.2,1.2,1.2,0.0,0.007353297300840408,0.007353297300840408,0.008823956761008488,0.0026532,0.0026532,2.303929616531697e-19,0.006170756761008488,0.0,0.0,0.9999011275796993,0.6997133334518053,1.0,0.8046875,0.9917438480244256,0.7843153682075216,0.9989813493719103,0.797249685401354,5,180,0.001
5,55002,0.8,1.7,0.75,0.25,0.5,4,10,5,5,90,1.5,0.7,8.0,48.0,0.2,0.2,0.1,58,154.0,0.8020833333333334,2.55,True,True,0.1724137931034483,0.20689655172413793,1.896551724137931,8.5,8.206896551724139,619.0,solved_or_feasible,optimal,easy_or_medium,0.023209095001220703,2.198554039001465,0.21039986610412598,0.0009221587761967825,0.6711006475268234,0.6704817861749952,1592,363,1558,1.0,0.092862,0.5782386475268233,0.6711006475268233,0.0031931519439901057,0.002228861881762442,0.0022511999999999996,0.0,0.0,0.6711006475268233,1.2,1.2,1.2,0.0,0.007586661200264086,0.007586661200264086,0.009103993440316904,0.0026532,0.0026532,4.0657581468206416e-19,0.006450793440316903,0.0,0.0,0.9999463642700683,0.7329766049968214,1.0,0.77734375,0.9983992483829935,0.7560002931318236,0.9977778654128593,0.7371792742837407,5,180,0.001
5,55003,0.8,1.7,0.75,0.25,0.5,4,10,5,5,90,1.5,0.7,8.0,48.0,0.2,0.2,0.1,65,155.0,0.8072916666666666,2.5166666666666666,True,True,0.1076923076923077,0.16923076923076924,2.0,9.0,8.507692307692308,655.0,solved_or_feasible,optimal,optimization_hard_runtime,0.03401494026184082,73.90855598449707,0.7942299842834473,0.0009331003418209397,0.7043166646472723,0.7036594665267397,1927,370,1893,0.85,0.09286199999999999,0.6114546646472723,0.7043166646472723,0.0031702164098045124,0.002237091545713543,0.0022511999999999996,0.0,0.0,0.7043166646472723,1.2,1.2,1.2,0.0,0.00784774085389878,0.00784774085389878,0.009417289024678534,0.0026532,0.0026531999999999997,6.776263578034403e-19,0.006763867095589342,0.0,0.0,0.998314850246993,0.7458493307393986,1.0,0.828125,0.9999298900763263,0.7999702337111525,0.995936319719811,0.8080437882961693,5,180,0.001
6,56001,0.8,1.7,0.75,0.5,0.3,4,10,5,5,90,1.5,0.7,8.0,48.0,0.2,0.2,0.1,61,155.0,0.8072916666666666,2.566666666666667,True,True,0.3442622950819672,0.21311475409836064,1.8688524590163935,9.0,8.426229508196721,656.0,solved_or_feasible,optimal,easy_or_medium,0.023257017135620117,1.5000770092010498,0.26177191734313965,0.0009869893751941403,0.7367568989743408,0.7360297277429522,1500,366,1466,0.95,0.092862,0.6438948989743407,0.7367568989743407,0.0031291114054423324,0.0022257554705615236,0.0022511999999999996,0.0,0.0,0.7367568989743407,1.2,1.2,1.2,0.0,0.007970611682500036,0.007970611682500036,0.009564734019000043,0.0026532,0.0026531999999999997,5.421010862427522e-19,0.006911534019000043,0.0,0.0,0.9992707978253452,0.771386072836099,1.0,0.8203125,0.9993438181471814,0.7909990917935787,0.9982525898396654,0.8158278509617971,6,180,0.001
6,56002,0.8,1.7,0.75,0.5,0.3,4,10,5,5,90,1.5,0.7,8.0,48.0,0.2,0.2,0.1,64,154.0,0.8020833333333334,2.5,True,True,0.3125,0.1875,2.015625,8.0,8.140625,623.0,solved_or_feasible,optimal,optimization_hard_runtime,0.028434038162231445,14.380300045013428,0.29372119903564453,0.000970657022264813,0.6864667511536444,0.6858004273810858,1479,369,1445,1.0,0.09286199999999999,0.5936047511536445,0.6864667511536445,0.0032059372395024078,0.0020637574584519624,0.0022511999999999996,0.0,0.0,0.6864667511536445,1.2,1.2,1.2,0.0,0.007676409842408879,0.007676409842408879,0.009211691810890654,0.0026532,0.0026531999999999997,6.505213034913027e-19,0.006558491810890646,0.0,0.0,1.0013855412474302,0.7472936209641154,1.0,0.7890625,0.9999677861511267,0.7939026022092952,0.9941209762849529,0.7619791661397017,6,180,0.001
6,56003,0.8,1.7,0.75,0.5,0.3,4,10,5,5,90,1.5,0.7,8.0,48.0,0.2,0.2,0.1,69,154.0,0.8020833333333334,2.466666666666667,True,True,0.37681159420289856,0.11594202898550725,2.0,8.0,8.014492753623188,632.0,solved_or_feasible,time_limit,optimization_hard_gap,0.03205084800720215,180.01773595809937,1.9417850971221924,0.0027852905916406264,0.7755145234301755,0.7733544901243847,1590,374,1556,1.0,0.092862,0.6826525234301755,0.7755145234301755,0.0031637912097087677,0.0022452385167821476,0.0022511999999999996,0.0,0.0,0.7755145234301755,1.2,1.2,1.2,0.0,0.0084289123541787,0.0084289123541787,0.01011469482501444,0.0026532,0.0026532,4.607859233063394e-19,0.0074614214330270615,0.0,0.0,0.9996417115835713,0.7910851904369601,1.0,0.80078125,0.9991436736877161,0.7766881734927001,0.9985319021606055,0.7802813017913615,6,180,0.001
7,57001,0.8,1.7,0.75,0.5,0.5,4,10,5,5,90,1.5,0.7,8.0,48.0,0.2,0.2,0.1,48,154.0,0.8020833333333334,2.566666666666667,True,True,0.3333333333333333,0.3125,2.2916666666666665,8.0,8.083333333333334,566.0,solved_or_feasible,optimal,easy_or_medium,0.024701833724975586,2.999276876449585,0.1405010223388672,0.0,0.7044173295229598,0.7044173295229597,1027,353,993,0.9333333333333333,0.09286200000000003,0.6115553295229597,0.7044173295229597,0.003081631693508517,0.0022171887546025997,0.0022511999999999996,0.0,0.0,0.7044173295229597,1.2,1.2,1.2,0.0,0.007719047962295498,0.007719047962295498,0.009262857554754598,0.0026532,0.0026532,1.0842021724855044e-19,0.006609657554754598,0.0,0.0,0.9992311082364586,0.7009337323352309,1.0,0.78515625,0.9998001028035635,0.7681438448466091,0.9990319336656656,0.7915483396881063,7,180,0.001
7,57002,0.8,1.7,0.75,0.5,0.5,4,10,5,5,90,1.5,0.7,8.0,48.0,0.2,0.2,0.1,62,154.0,0.8020833333333334,2.55,True,True,0.5,0.24193548387096775,1.8870967741935485,9.0,8.209677419354838,654.0,solved_or_feasible,optimal,optimization_hard_runtime,0.02558422088623047,105.57405495643616,10.299020051956177,0.0,0.8395201388849532,0.8395201388849532,1186,367,1152,0.9166666666666666,0.092862,0.6936736729089624,0.7865356729089624,0.003079553014599795,0.002317430582469988,0.0022511999999999996,6.62305824699885e-05,0.0529844659759908,0.8395201388849532,1.2,1.2,1.2,0.0,0.008281625543784532,0.008281625543784532,0.009937950652541439,0.0026532,0.0026532,4.87890977618477e-19,0.007284525847533138,0.0,0.0,0.9985457869082808,0.7810059380142145,1.0,0.8203125,0.9969735603016263,0.8151767068290757,0.9998914311656092,0.7927337004435727,7,180,0.001
7,57003,0.8,1.7,0.75,0.5,0.5,4,10,5,5,90,1.5,0.7,8.0,48.0,0.2,0.2,0.1,52,154.0,0.8020833333333334,2.55,True,True,0.36538461538461536,0.40384615384615385,2.0384615384615383,8.0,7.865384615384615,614.0,solved_or_feasible,optimal,proof_harder_than_feasibility,0.024652957916259766,3.3002331256866455,0.1562800407409668,0.0008493166254686927,0.6931603656815932,0.6925716530589039,1065,357,1031,0.9333333333333333,0.092862,0.6002983656815933,0.6931603656815933,0.003072891880839898,0.0022242548047613103,0.0022511999999999996,0.0,0.0,0.6931603656815933,1.2,1.2,1.2,0.0,0.00766725780783784,0.00766725780783784,0.009200709369405409,0.0026532,0.0026532,4.54009659728305e-19,0.006547509369405407,0.0,0.0,1.0001103102911952,0.688120534853808,1.0,0.77734375,0.9964467387773541,0.747845898066716,0.9987467314886072,0.7571884110568464,7,180,0.001
8,58001,0.8,2.0,0.75,0.25,0.3,4,10,5,5,90,1.5,0.7,8.0,48.0,0.2,0.2,0.1,70,154.0,0.8020833333333334,2.5166666666666666,True,True,0.12857142857142856,0.17142857142857143,1.8857142857142857,8.0,8.257142857142858,718.0,solved_or_feasible,time_limit,optimization_hard_gap,0.0282590389251709,180.01633977890015,10.132755994796753,0.00837520813509711,0.7319379665376389,0.7258078337259064,1976,375,1942,0.9833333333333333,0.092862,0.6390759665376388,0.7319379665376388,0.0031467170862233256,0.0021999705979467822,0.0022511999999999996,0.0,0.0,0.7319379665376388,1.2,1.2,1.2,0.0,0.008016933841472902,0.008016933841472902,0.009620320609767483,0.0026532,0.0026532,2.846030702774449e-19,0.006967030712012491,0.0,0.0,1.0005993183666047,0.751542925241056,1.0,0.79296875,0.9992478107493166,0.7874609624465222,0.9928326864421662,0.7842673444246074,8,180,0.001
8,58002,0.8,2.0,0.75,0.25,0.3,4,10,5,5,90,1.5,0.7,8.0,48.0,0.2,0.2,0.1,66,154.0,0.8020833333333334,2.5166666666666666,True,True,0.16666666666666666,0.16666666666666666,1.878787878787879,8.5,8.636363636363637,685.0,solved_or_feasible,optimal,optimization_hard_runtime,0.0323789119720459,44.2909049987793,0.8409481048583984,0.0008148021896376537,0.69819211624799,0.6976232277828834,1934,371,1900,0.85,0.092862,0.6053301162479902,0.6981921162479902,0.0030598297908060214,0.0022499027437726834,0.0022511999999999996,0.0,0.0,0.6981921162479902,1.2,1.2,1.2,0.0,0.007503300000089113,0.007503300000089113,0.009003960000106934,0.0026532,0.0026532,3.2526065174565133e-19,0.00635072070048915,0.0,0.0,1.002536804147086,0.723654718621922,1.0,0.81640625,0.9954315346543072,0.8247395693523897,0.9977476246113408,0.7943905295295871,8,180,0.001
8,58003,0.8,2.0,0.75,0.25,0.3,4,10,5,5,90,1.5,0.7,8.0,48.0,0.2,0.2,0.1,60,155.0,0.8072916666666666,2.5833333333333335,True,True,0.1,0.13333333333333333,2.2,9.0,8.35,578.0,solved_or_feasible,optimal,proof_harder_than_feasibility,0.03648114204406738,6.214393138885498,0.32376909255981445,0.0008144257045081104,0.6180958377354392,0.617592444597338,1773,365,1739,0.9666666666666667,0.09286199999999935,0.5252338377354397,0.6180958377354391,0.0030566982916505198,0.001903464351669599,0.0022511999999999996,0.0,0.0,0.6180958377354391,1.2,1.2,1.2,0.0,0.007040440848866409,0.007040440848866409,0.00844852901863969,0.0026532,0.0026531999999999814,1.870248747537495e-17,0.005795319116300257,0.0,0.0,1.0001178849931127,0.6924953332517523,1.0,0.78515625,0.9986657529835918,0.7744374001073047,0.9995692094089582,0.7828719697993257,8,180,0.001
9,59001,0.8,2.0,0.75,0.25,0.5,4,10,5,5,90,1.5,0.7,8.0,48.0,0.2,0.2,0.1,67,154.0,0.8020833333333334,2.533333333333333,True,True,0.14925373134328357,0.23880597014925373,1.8059701492537314,8.0,8.328358208955224,717.0,solved_or_feasible,optimal,proof_harder_than_feasibility,0.056948184967041016,8.574387073516846,0.9363369941711426,0.0009795260653249508,0.6826856614770186,0.6820169530771782,1815,372,1781,0.85,0.092862,0.5898236614770184,0.6826856614770184,0.0031598856883668872,0.0022023368245351065,0.0022511999999999996,0.0,0.0,0.6826856614770184,1.2,1.2,1.2,0.0,0.0076127914034852286,0.0076127914034852286,0.009135349684182274,0.0026532,0.0026532,2.710505431213761e-19,0.006482010883999056,0.0,0.0,0.9961879891953956,0.7268091482571784,1.0,0.81640625,0.9981581082356463,0.8025932129432121,0.9983909008432589,0.7942276178538982,9,180,0.001
9,59002,0.8,2.0,0.75,0.25,0.5,4,10,5,5,90,1.5,0.7,8.0,48.0,0.2,0.2,0.1,63,154.0,0.8020833333333334,2.5,True,True,0.20634920634920634,0.23809523809523808,1.9047619047619047,8.0,8.11111111111111,633.0,solved_or_feasible,optimal,optimization_hard_runtime,0.03302407264709473,18.651028871536255,0.2020268440246582,0.000998004386842472,0.7787294398305852,0.7779522644334709,1678,368,1644,1.0,0.09286199999999993,0.6858674398305853,0.7787294398305852,0.003132790270713696,0.0022119963505971866,0.0022511999999999996,0.0,0.0,0.7787294398305852,1.2,1.2,1.2,0.0,0.008408913408953875,0.008408913408953875,0.010090696090744648,0.0026532,0.002653199999999998,2.4801124695605914e-18,0.00743749609074465,0.0,0.0,1.0008440089579136,0.7653048693720251,1.0,0.78125,0.9962440757182094,0.7704266556753783,0.9971270340489621,0.7589483450952432,9,180,0.001
9,59003,0.8,2.0,0.75,0.25,0.5,4,10,5,5,90,1.5,0.7,8.0,48.0,0.2,0.2,0.1,59,154.0,0.8020833333333334,2.55,True,True,0.06779661016949153,0.22033898305084745,2.0,8.0,8.474576271186441,647.0,solved_or_feasible,optimal,proof_harder_than_feasibility,0.029881000518798828,4.822990894317627,0.19095802307128906,0.0008635145867408889,0.7263187242502255,0.7256915374372124,1804,364,1770,0.9,0.092862,0.6334567242502254,0.7263187242502254,0.003158751057553452,0.0022448525208518797,0.0022511999999999996,0.0,0.0,0.7263187242502254,1.2,1.2,1.2,0.0,0.007921717062603237,0.007921717062603237,0.009506060475123885,0.0026532,0.0026531999999999997,6.505213034913027e-19,0.006852760859752368,0.0,0.0,1.0017850264973793,0.7481039734394215,1.0,0.796875,0.9946830489692464,0.7682321994054626,0.9955686008404213,0.7655765783368198,9,180,0.001
10,60001,0.8,2.0,0.75,0.5,0.3,4,10,5,5,90,1.5,0.7,8.0,48.0,0.2,0.2,0.1,88,154.0,0.8020833333333334,2.533333333333333,True,True,0.3522727272727273,0.06818181818181818,1.6136363636363635,9.0,8.488636363636363,804.0,solved_or_feasible,time_limit,optimization_hard_gap,0.02969503402709961,180.02006006240845,0.15500903129577637,0.0024705537469794014,0.6450764184136274,0.6434827224510276,2173,393,2139,1.0,0.092862,0.5522144184136274,0.6450764184136274,0.0032046600464612045,0.0020432748950355638,0.0022511999999999996,0.0,0.0,0.6450764184136274,1.2,1.2,1.2,0.0,0.007394255167286068,0.007394255167286068,0.008873106200743282,0.0026532,0.0026531999999999997,5.692061405548898e-19,0.006219906200743279,0.0,0.0,1.0024047523773956,0.7221347011955597,1.0,0.796875,0.9986905739999521,0.770543142549157,0.9993612503623582,0.7922963219783773,10,180,0.001
10,60002,0.8,2.0,0.75,0.5,0.3,4,10,5,5,90,1.5,0.7,8.0,48.0,0.2,0.2,0.1,59,155.0,0.8072916666666666,2.5833333333333335,True,True,0.423728813559322,0.22033898305084745,2.0,9.0,8.372881355932204,648.0,solved_or_feasible,optimal,proof_harder_than_feasibility,0.02989792823791504,7.00349497795105,0.21693897247314453,0.0009022805981606056,0.6597352297376768,0.6591399634399615,1294,364,1260,0.9833333333333333,0.09286200000000003,0.5668732297376767,0.6597352297376767,0.003182922919843888,0.0019297036582774031,0.0022511999999999996,0.0,0.0,0.6597352297376767,1.2,1.2,1.2,0.0,0.007467260446080792,0.007467260446080792,0.00896071253529695,0.0026532,0.0026532,2.168404344971009e-19,0.00630751253529695,0.0,0.0,1.0002302822695126,0.6865888654784847,1.0,0.8046875,0.9955097258244512,0.7838770118450155,0.9965766179732539,0.7795677710337734,10,180,0.001
10,60003,0.8,2.0,0.75,0.5,0.3,4,10,5,5,90,1.5,0.7,8.0,48.0,0.2,0.2,0.1,58,154.0,0.8020833333333334,2.566666666666667,True,True,0.3793103448275862,0.20689655172413793,2.0344827586206895,8.0,8.086206896551724,616.0,solved_or_feasible,optimal,proof_harder_than_feasibility,0.033238887786865234,3.5413010120391846,0.3949408531188965,0.0009750914593472156,0.7456494937998376,0.7449224173467668,1261,363,1227,0.95,0.09286200000000004,0.6527874937998375,0.7456494937998375,0.0031297733949548928,0.0022170520880091006,0.0022511999999999996,0.0,0.0,0.7456494937998375,1.2,1.2,1.2,0.0,0.008053143976924474,0.008053143976924474,0.00966377277230937,0.0026532,0.0026532000000000014,4.336808689942018e-19,0.007010572772309367,0.0,0.0,1.0002700135442648,0.7550058904537964,1.0,0.7890625,0.9841680005074109,0.7492271069567367,0.9971866432640516,0.7739504199361534,10,180,0.001
11,61001,0.8,2.0,0.75,0.5,0.5,4,10,5,5,90,1.5,0.7,8.0,48.0,0.2,0.2,0.1,53,154.0,0.8020833333333334,2.5166666666666666,True,True,0.3584905660377358,0.32075471698113206,2.0377358490566038,8.0,8.283018867924529,626.0,solved_or_feasible,optimal,easy_or_medium,0.024778127670288086,6.968930959701538,2.0480310916900635,0.0007689605289454857,0.6881528501668038,0.6876236877871442,1202,358,1168,0.9666666666666667,0.092862,0.5952908501668038,0.6881528501668038,0.0030371461327684673,0.002135062605629317,0.0022511999999999996,0.0,0.0,0.6881528501668038,1.2,1.2,1.2,0.0,0.00750452047191067,0.00750452047191067,0.009005424566292802,0.0026532,0.0026532,4.2012834183813297e-19,0.0063522245662928035,0.0,0.0,0.9995013383353345,0.7286380372018104,1.0,0.796875,0.9996161745132666,0.7784224853413475,0.9952848186249025,0.7983407916770229,11,180,0.001
11,61002,0.8,2.0,0.75,0.5,0.5,4,10,5,5,90,1.5,0.7,8.0,48.0,0.2,0.2,0.1,57,154.0,0.8020833333333334,2.5166666666666666,True,True,0.5087719298245614,0.2631578947368421,2.1052631578947367,8.0,7.947368421052632,592.0,solved_or_feasible,optimal,proof_harder_than_feasibility,0.02385687828063965,5.6697258949279785,0.11368799209594727,0.0009464896021498147,0.7627274013874618,0.7620054878327738,1083,362,1049,0.9666666666666667,0.09286200000000001,0.6698654013874619,0.7627274013874619,0.003077397471657933,0.0022420653536028815,0.0022511999999999996,0.0,0.0,0.7627274013874619,1.2,1.2,1.2,0.0,0.008163918097564015,0.008163918097564015,0.00979670171707682,0.0026532,0.0026532,1.0842021724855044e-19,0.007143501717076818,0.0,0.0,0.997900954656348,0.7686597364651109,1.0,0.80859375,0.9917103900508761,0.7870884696008461,0.9979509641022576,0.8060661225732391,11,180,0.001
11,61003,0.8,2.0,0.75,0.5,0.5,4,10,5,5,90,1.5,0.7,8.0,48.0,0.2,0.2,0.1,54,154.0,0.8020833333333334,2.566666666666667,True,True,0.3888888888888889,0.3148148148148148,2.037037037037037,8.5,8.277777777777779,625.0,solved_or_feasible,optimal,proof_harder_than_feasibility,0.028151988983154297,5.439528942108154,0.13284802436828613,0.0008115001869105632,0.6836813842718963,0.6831265767007724,1138,359,1104,0.9666666666666667,0.09286200000000001,0.5908193842718962,0.6836813842718962,0.0031551225268989006,0.0022442739058877188,0.0022511999999999996,0.0,0.0,0.6836813842718962,1.2,1.2,1.2,0.0,0.007662793400663195,0.007662793400663195,0.009195352080795832,0.0026532,0.0026532,2.168404344971009e-19,0.00654215208079583,0.0,0.0,0.9961405983257413,0.7248326785047423,1.0,0.78125,0.9958573889546615,0.7529814808090629,0.9941776769213367,0.7468460892707468,11,180,0.001
12,62001,0.85,1.4,0.75,0.25,0.3,4,10,5,5,90,1.5,0.7,8.0,48.0,0.2,0.2,0.1,73,164.0,0.8541666666666666,2.6,True,True,0.1232876712328767,0.136986301369863,1.904109589041096,8.0,8.397260273972602,705.0,solved_or_feasible,optimal,proof_harder_than_feasibility,0.03028726577758789,8.106988906860352,1.126396894454956,0.0008414439300393298,0.6952766012985492,0.6946915650226881,2189,378,2155,1.0,0.09286199999999999,0.6024146012985493,0.6952766012985493,0.003157150428015352,0.002116121922133058,0.0022511999999999996,0.0,0.0,0.6952766012985493,1.2,1.2,1.2,0.0,0.007733396466973613,0.007733396466973613,0.009280075760368333,0.0026532,0.0026531999999999997,8.402566836762659e-19,0.006626875760368334,0.0,0.0,0.999623268628884,0.7347936678471012,1.0,0.83984375,0.9984107870987918,0.8136391163601338,0.99851337215006,0.821030074152925,12,180,0.001
12,62002,0.85,1.4,0.75,0.25,0.3,4,10,5,5,90,1.5,0.7,8.0,48.0,0.2,0.2,0.1,70,150.0,0.78125,2.45,False,True,0.14285714285714285,0.14285714285714285,1.8714285714285714,8.0,7.985714285714286,651.0,solved_or_feasible,optimal,easy_or_medium,0.027762174606323242,2.313288927078247,0.2702369689941406,0.00042261853210461047,0.6352278027248277,0.6349593436832881,1993,375,1959,1.0,0.092862,0.5423658027248277,0.6352278027248277,0.003164928324787507,0.002052364585157486,0.0022511999999999996,0.0,0.0,0.6352278027248277,1.2,1.2,1.2,0.0,0.007208212048964258,0.007208212048964258,0.008649854458757109,0.0026532,0.0026532,2.439454888092385e-19,0.00599644250829885,0.0,0.0,1.002523219741161,0.7253119512089159,1.0,0.796875,0.9994841076622782,0.7897957155532069,0.999224932123385,0.7747250333130945,12,180,0.001
12,62003,0.85,1.4,0.75,0.25,0.3,4,10,5,5,90,1.5,0.7,8.0,48.0,0.2,0.2,0.1,72,161.0,0.8385416666666666,2.683333333333333,False,True,0.18055555555555555,0.1527777777777778,1.875,8.0,8.458333333333334,737.0,solved_or_feasible,optimal,optimization_hard_runtime,0.027107954025268555,72.23207402229309,13.637971878051758,0.0006237282891138755,0.7514782749075085,0.7510095566487942,2038,377,2004,0.95,0.09286200000000003,0.6586162749075085,0.7514782749075085,0.0031710662722958614,0.002214624156246162,0.0022511999999999996,0.0,0.0,0.7514782749075085,1.2,1.2,1.2,0.0,0.008218976535530373,0.008218976535530373,0.009862771842636448,0.0026532,0.0026532,0.0,0.007209571842636447,0.0,0.0,0.9988213614991582,0.7951406674368757,1.0,0.86328125,0.9968176883404086,0.8451204996703637,0.9996236636835762,0.8281406114347807,12,180,0.001
13,63001,0.85,1.4,0.75,0.25,0.5,4,10,5,5,90,1.5,0.7,8.0,48.0,0.2,0.2,0.1,65,161.0,0.8385416666666666,2.6333333333333333,False,True,0.18461538461538463,0.2923076923076923,1.8923076923076922,8.0,7.953846153846154,695.0,solved_or_feasible,optimal,optimization_hard_runtime,0.022816896438598633,79.37778115272522,0.19286608695983887,0.0008003222307523507,0.7006531282748059,0.7000923800002014,1622,370,1588,1.0,0.09286200000000003,0.6077911282748059,0.7006531282748059,0.0031517242479356315,0.002186171829438863,0.0022511999999999996,0.0,0.0,0.7006531282748059,1.2,1.2,1.2,0.0,0.0078225618862593,0.0078225618862593,0.009387074263511161,0.0026532,0.0026532,0.0,0.006733874263511162,0.0,0.0,0.9987550693564103,0.719861681582991,1.0,0.83984375,0.9980006604490477,0.8127839597295572,0.9994737879487183,0.8163869339360696,13,180,0.001
13,63002,0.85,1.4,0.75,0.25,0.5,4,10,5,5,90,1.5,0.7,8.0,48.0,0.2,0.2,0.1,65,164.0,0.8541666666666666,2.6,True,True,0.26153846153846155,0.2153846153846154,1.8923076923076922,8.0,7.923076923076923,677.0,solved_or_feasible,time_limit,optimization_hard_gap,0.02497100830078125,180.03242802619934,0.3104219436645508,0.02127007000816753,0.8231700640074752,0.8056611791174084,1600,370,1566,0.9,0.09286199999999999,0.7124566460917348,0.8053186460917348,0.0031532965896259625,0.0022735142723946753,0.0022511999999999996,2.2314272394675667e-05,0.017851417915740533,0.8231700640074753,1.2,1.2,1.2,0.0,0.008564081481783961,0.008564081481783961,0.010276897778140753,0.0026532,0.0026531999999999997,8.131516293641283e-19,0.007623483967183233,0.0,0.0,0.9996083186230394,0.7801810747332291,1.0,0.84375,0.9983249885436384,0.8194176470049013,0.9997048528228282,0.8068602191381622,13,180,0.001
13,63003,0.85,1.4,0.75,0.25,0.5,4,10,5,5,90,1.5,0.7,8.0,48.0,0.2,0.2,0.1,64,152.0,0.7916666666666666,2.533333333333333,False,True,0.1875,0.203125,1.921875,8.5,8.453125,664.0,solved_or_feasible,optimal,optimization_hard_runtime,0.024111032485961914,32.35144782066345,7.940173864364624,0.00018219044303337877,0.7281169243091669,0.7279842683641469,1740,369,1706,1.0,0.09283991385075833,0.6352770104584087,0.728116924309167,0.0030229962179594613,0.002248433693733604,0.0022511999999999996,0.0,0.0,0.728116924309167,1.2,1.2,1.2,0.0,0.007911200740846204,0.007911200740846204,0.009493440889015445,0.0026532,0.0026525689671645235,6.310328354767569e-07,0.006840240889015445,0.0,0.0,1.0025040985534797,0.7575275139509591,1.0,0.78515625,0.998845665340669,0.772911256645368,0.9971130710444047,0.769617635536084,13,180,0.001
14,64001,0.85,1.4,0.75,0.5,0.3,4,10,5,5,90,1.5,0.7,8.0,48.0,0.2,0.2,0.1,72,164.0,0.8541666666666666,2.65,True,True,0.4305555555555556,0.1527777777777778,1.9305555555555556,8.5,8.472222222222221,727.0,solved_or_feasible,optimal,optimization_hard_runtime,0.027238130569458008,68.83565497398376,0.8627088069915771,0.0009226863018008593,0.726995958688525,0.7263251694759785,1628,377,1594,0.9833333333333333,0.09286199999999997,0.6341339586885248,0.7269959586885248,0.0032009813225455973,0.0021563235820923794,0.0022511999999999996,0.0,0.0,0.7269959586885248,1.2,1.2,1.2,0.0,0.007964811503247357,0.007964811503247357,0.009557773803896826,0.0026532,0.0026531999999999997,6.505213034913027e-19,0.0069045738038968265,0.0,0.0,1.0024450846662083,0.7839676606284367,1.0,0.8515625,0.9992469433584019,0.8074548919359099,0.9998723903084757,0.8089482722947512,14,180,0.001
14,64002,0.85,1.4,0.75,0.5,0.3,4,10,5,5,90,1.5,0.7,8.0,48.0,0.2,0.2,0.1,73,164.0,0.8541666666666666,2.683333333333333,True,True,0.4931506849315068,0.1506849315068493,1.8630136986301369,8.0,8.41095890410959,719.0,solved_or_feasible,time_limit,optimization_hard_gap,0.028974056243896484,180.01846981048584,0.19154000282287598,0.03508387698737375,0.8506602857644638,0.8208158249406592,1518,378,1484,0.9666666666666667,0.092862,0.7265409315787208,0.8194029315787208,0.0031904223455578606,0.0022910160209441153,0.0022511999999999996,3.981602094411561e-05,0.03185281675529249,0.8512557483340133,1.2,1.2,1.2,0.0,0.00869852821389878,0.00869852821389878,0.010438233856678535,0.0026532,0.0026531999999999997,4.336808689942018e-19,0.007784925308113925,0.0,0.0,1.0001618853199339,0.8186967487743609,1.0,0.86328125,0.9933786410959939,0.8372495620749663,0.9927387881690205,0.833839029201782,14,180,0.001
14,64003,0.85,1.4,0.75,0.5,0.3,4,10,5,5,90,1.5,0.7,8.0,48.0,0.2,0.2,0.1,78,164.0,0.8541666666666666,2.6333333333333333,True,True,0.38461538461538464,0.1282051282051282,1.8205128205128205,8.0,7.961538461538462,722.0,solved_or_feasible,time_limit,optimization_hard_gap,0.024886131286621094,180.02321600914001,0.17182493209838867,0.0022139374237583787,0.7171570049197816,0.7155692641878793,1687,383,1653,1.0,0.09286198200925301,0.6242950229105285,0.7171570049197815,0.003182803502244615,0.002017191583076961,0.0022511999999999996,0.0,0.0,0.7171570049197815,1.2,1.2,1.2,0.0,0.00795070229897979,0.00795070229897979,0.009540842758775748,0.0026532,0.0026531994859786577,5.140213428511675e-10,0.006887354448727486,0.0,0.0,1.0011722849735563,0.7638582202217843,1.0,0.85546875,0.9987641220409107,0.8213156922872684,0.9957013093247534,0.8127661154577739,14,180,0.001
15,65001,0.85,1.4,0.75,0.5,0.5,4,10,5,5,90,1.5,0.7,8.0,48.0,0.2,0.2,0.1,63,164.0,0.8541666666666666,2.5833333333333335,True,True,0.4603174603174603,0.19047619047619047,1.9841269841269842,8.0,8.158730158730158,637.0,solved_or_feasible,time_limit,optimization_hard_gap,0.026525020599365234,180.0208830833435,0.18858003616333008,0.04681029481205038,0.8591215846569742,0.8189058499997853,1356,368,1322,0.9333333333333333,0.092862,0.7068275791569953,0.7996895791569953,0.00318071473182736,0.0023254900068749727,0.0022511999999999996,7.42900068749731e-05,0.059432005499978485,0.8591215846569739,1.2,1.2,1.2,0.0,0.008477411125865851,0.008477411125865851,0.010172893351039023,0.0026532,0.0026532,2.710505431213761e-19,0.007519440470724518,0.0,0.0,1.0006345059157769,0.7601816138321994,1.0,0.84765625,0.999831634841146,0.8267182973783933,0.999414719197814,0.837119014799868,15,180,0.001
15,65002,0.85,1.4,0.75,0.5,0.5,4,10,5,5,90,1.5,0.7,8.0,48.0,0.2,0.2,0.1,61,164.0,0.8541666666666666,2.716666666666667,True,True,0.39344262295081966,0.26229508196721313,1.8688524590163935,9.0,8.475409836065573,693.0,solved_or_feasible,time_limit,optimization_hard_gap,0.022632122039794922,180.021910905838,6.970339775085449,0.00954711656042754,0.7330678488586908,0.726069164658935,1378,366,1344,0.9,0.09023809467702298,0.6408295833981876,0.7310676780752106,0.0030305931045472422,0.002254421582235244,0.0022511999999999996,3.2215822352442587e-06,0.002577265788195407,0.733644943863406,1.2,1.2,1.2,0.0,0.007716280221008594,0.007716280221008594,0.00925953626521031,0.0026532,0.002578231276486371,7.496872351362934e-05,0.006681125498255792,0.0,0.0,0.9999858657499548,0.7336619232898982,1.0,0.875,0.9972062390411628,0.8661996518558042,0.9992333227519651,0.832247240118873,15,180,0.001
15,65003,0.85,1.4,0.75,0.5,0.5,4,10,5,5,90,1.5,0.7,8.0,48.0,0.2,0.2,0.1,69,164.0,0.8541666666666666,2.7,True,True,0.34782608695652173,0.21739130434782608,1.7971014492753623,8.0,8.246376811594203,770.0,solved_or_feasible,optimal,optimization_hard_runtime,0.02359604835510254,18.089019060134888,1.2276561260223389,0.0008666130045825328,0.7355245883557152,0.7348871731822559,1606,374,1572,1.0,0.09286200000000006,0.6426625883557152,0.7355245883557153,0.003211771126868078,0.002167063155895123,0.0022511999999999996,0.0,0.0,0.7355245883557153,1.2,1.2,1.2,0.0,0.008122183025937606,0.008122183025937606,0.009746619631125128,0.0026532,0.0026532000000000014,0.0,0.0070934196311251245,0.0,0.0,1.0000476457167415,0.7862284883934296,1.0,0.87109375,0.9986358954283463,0.8372759683901354,0.9995558794736773,0.8654730448947546,15,180,0.001
16,66001,0.85,1.7,0.75,0.25,0.3,4,10,5,5,90,1.5,0.7,8.0,48.0,0.2,0.2,0.1,72,164.0,0.8541666666666666,2.683333333333333,True,True,0.2222222222222222,0.1527777777777778,1.9027777777777777,8.0,7.888888888888889,700.0,solved_or_feasible,time_limit,optimization_hard_gap,0.024672985076904297,180.03057217597961,4.812443971633911,0.003641066165965892,0.7323272730921137,0.7296608210356439,1790,377,1756,0.9666666666666667,0.092862,0.6394652730921137,0.7323272730921137,0.003141117830293222,0.00224545257338637,0.0022511999999999996,0.0,0.0,0.7323272730921137,1.2,1.2,1.2,0.0,0.008046535974274604,0.008046535974274604,0.009655843169129527,0.0026532,0.0026532,4.87890977618477e-19,0.007002643169129526,0.0,0.0,0.9994465563694642,0.7695204001939695,1.0,0.8671875,0.9993779498365845,0.8440659331355347,0.9967549859348961,0.8454105793349023,16,180,0.001
16,66002,0.85,1.7,0.75,0.25,0.3,4,10,5,5,90,1.5,0.7,8.0,48.0,0.2,0.2,0.1,66,147.0,0.765625,2.4,False,True,0.18181818181818182,0.16666666666666666,1.893939393939394,8.0,8.075757575757576,644.0,solved_or_feasible,time_limit,optimization_hard_gap,0.0247650146484375,180.02804517745972,0.5017490386962891,0.0013028395990884924,0.685722492440807,0.6848291060236694,1779,371,1745,0.9833333333333333,0.092862,0.592860492440807,0.685722492440807,0.0031511736581069536,0.0021922265822661774,0.0022511999999999996,0.0,0.0,0.685722492440807,1.2,1.2,1.2,0.0,0.007642318004462674,0.007642318004462674,0.009170781605355208,0.0026532,0.0026531999999999997,7.589415207398531e-19,0.006517145495431296,0.0,0.0,1.0028777357652217,0.7291930192618712,1.0,0.7734375,0.9976303341881951,0.7779188419363698,0.9984348872616889,0.7536163160620586,16,180,0.001
16,66003,0.85,1.7,0.75,0.25,0.3,4,10,5,5,90,1.5,0.7,8.0,48.0,0.2,0.2,0.1,74,162.0,0.84375,2.6166666666666667,False,True,0.1891891891891892,0.10810810810810811,1.945945945945946,8.0,7.972972972972973,659.0,solved_or_feasible,optimal,optimization_hard_runtime,0.026925086975097656,71.01866102218628,1.2409710884094238,0.0009161270760943386,0.721125772317672,0.7204651294723824,1974,379,1940,1.0,0.09286199980333013,0.6282637725143418,0.7211257723176719,0.0031429651163900623,0.0022511999999999996,0.0022511999999999996,0.0,0.0,0.7211257723176719,1.2,1.2,1.2,0.0,0.007908644354113396,0.007908644354113396,0.009490373224936073,0.0026532,0.002653199994380861,5.619139431100456e-12,0.006836632902580517,0.0,0.0,1.0030764679123432,0.7543150124974054,1.0,0.859375,0.999123652105554,0.8247359550896176,0.9996722966969007,0.8375121704481208,16,180,0.001
17,67001,0.85,1.7,0.75,0.25,0.5,4,10,5,5,90,1.5,0.7,8.0,48.0,0.2,0.2,0.1,69,150.0,0.78125,2.433333333333333,False,True,0.11594202898550725,0.18840579710144928,1.7536231884057971,9.0,8.434782608695652,705.0,solved_or_feasible,optimal,proof_harder_than_feasibility,0.02631688117980957,7.831189870834351,0.8759369850158691,0.0009318778971675281,0.7414673105393856,0.7407763535412217,2044,374,2010,0.8833333333333333,0.09286200000000001,0.6486053105393856,0.7414673105393856,0.0031849911888395745,0.002215723309702039,0.0022511999999999996,0.0,0.0,0.7414673105393856,1.2,1.2,1.2,0.0,0.008012978968429734,0.008012978968429734,0.009615574762115681,0.0026532,0.0026532,2.439454888092385e-19,0.00696237476211568,0.0,0.0,1.0008536431771475,0.7482763640752694,1.0,0.79296875,0.9964004364770902,0.7770038534679098,0.9983788172224454,0.7860482335839627,17,180,0.001
17,67002,0.85,1.7,0.75,0.25,0.5,4,10,5,5,90,1.5,0.7,8.0,48.0,0.2,0.2,0.1,79,164.0,0.8541666666666666,2.716666666666667,True,True,0.27848101265822783,0.16455696202531644,1.7468354430379747,8.0,8.354430379746836,780.0,solved_or_feasible,optimal,optimization_hard_runtime,0.026921987533569336,48.32275104522705,6.245323896408081,0.00046141184071984043,0.5951859882322532,0.5949113623698523,1999,384,1965,1.0,0.09286200000000003,0.5023239882322531,0.5951859882322531,0.0032024455775908865,0.0019378344836450015,0.0022511999999999996,0.0,0.0,0.5951859882322531,1.2,1.2,1.2,0.0,0.006944149387973516,0.006944149387973516,0.008332979265568221,0.0026532,0.0026532,0.0,0.00567977926556822,0.0,0.0,0.999985910148059,0.6984371694144943,1.0,0.8671875,0.9979285739783349,0.8549456963126509,0.9999960557525545,0.8606542724410657,17,180,0.001
17,67003,0.85,1.7,0.75,0.25,0.5,4,10,5,5,90,1.5,0.7,8.0,48.0,0.2,0.2,0.1,68,164.0,0.8541666666666666,2.6333333333333333,True,True,0.20588235294117646,0.29411764705882354,1.6911764705882353,9.0,8.205882352941176,793.0,solved_or_feasible,optimal,easy_or_medium,0.029153108596801758,6.33593487739563,1.6212129592895508,0.0005718676619307434,0.5992667471684291,0.598924045894853,1781,373,1747,0.95,0.09286199999999961,0.5064047471684295,0.5992667471684292,0.0031090576780023935,0.002005458995075621,0.0022511999999999996,0.0,0.0,0.5992667471684292,1.2,1.2,1.2,0.0,0.006931485937668259,0.006931485937668259,0.00831778312520191,0.0026532,0.0026531999999999892,1.1085967213664283e-17,0.005664583125201911,0.0,0.0,0.9991547893600087,0.671134156986819,1.0,0.87109375,0.9967296242477403,0.8341640413222404,0.999237847224129,0.8655993566348946,17,180,0.001
18,68001,0.85,1.7,0.75,0.5,0.3,4,10,5,5,90,1.5,0.7,8.0,48.0,0.2,0.2,0.1,67,153.0,0.796875,2.533333333333333,False,True,0.31343283582089554,0.14925373134328357,1.8805970149253732,9.0,8.82089552238806,690.0,solved_or_feasible,optimal,optimization_hard_runtime,0.024772167205810547,77.69010210037231,0.5395820140838623,0.0008267834816903842,0.7629922204381461,0.7623613910736295,1756,372,1722,0.95,0.092862,0.6701302204381461,0.7629922204381461,0.0031384068114785127,0.0022514580416885333,0.0022511999999999996,2.580416885336438e-07,0.00020643335082691505,0.763198653788973,1.2,1.2,1.2,0.0,0.008176337446534758,0.008176337446534758,0.00981160493584171,0.0026532,0.0026532,2.710505431213761e-19,0.007158404935841709,0.0,0.0,0.9970021393169489,0.7876047505068016,1.0,0.81640625,0.9978976961118181,0.804763627540003,0.998021453501007,0.7936491199986347,18,180,0.001
18,68002,0.85,1.7,0.75,0.5,0.3,4,10,5,5,90,1.5,0.7,8.0,48.0,0.2,0.2,0.1,64,164.0,0.8541666666666666,2.683333333333333,True,True,0.46875,0.140625,2.125,8.0,7.984375,594.0,solved_or_feasible,optimal,optimization_hard_runtime,0.03948497772216797,13.382385015487671,0.3104689121246338,0.0007685950235089327,0.7221633898033031,0.7216083386157399,1345,369,1311,0.9833333333333333,0.09286199999999997,0.6293013898033031,0.7221633898033031,0.0031577364619631066,0.002186195647872978,0.0022511999999999996,0.0,0.0,0.7221633898033031,1.2,1.2,1.2,0.0,0.007988066090279501,0.007988066090279501,0.009585679308335404,0.0026532,0.0026531999999999997,8.199278929421627e-19,0.006932479308335403,0.0,0.0,0.9996872938776865,0.7607274805087025,1.0,0.84765625,0.9977736161239872,0.8295995922367059,0.9916531182821159,0.8236275421081094,18,180,0.001
18,68003,0.85,1.7,0.75,0.5,0.3,4,10,5,5,90,1.5,0.7,8.0,48.0,0.2,0.2,0.1,70,163.0,0.8489583333333334,2.7,False,True,0.4,0.24285714285714285,1.7,9.0,8.7,802.0,solved_or_feasible,optimal,optimization_hard_runtime,0.02277398109436035,10.440429925918579,0.4028198719024658,0.000730205395908843,0.7194703674448446,0.7189450063003399,1623,375,1589,0.9833333333333333,0.09286200000000008,0.6266083674448445,0.7194703674448446,0.003112580721892067,0.002240353356543214,0.0022511999999999996,0.0,0.0,0.7194703674448446,1.2,1.2,1.2,0.0,0.007932270778225265,0.007932270778225265,0.009518724933870317,0.0026532,0.0026532000000000027,6.098637220230962e-19,0.006865079379372616,0.0,0.0,1.001506983660976,0.7588335969696022,1.0,0.859375,0.9984923167632692,0.8438363266500377,0.9997718122658226,0.8454167145148211,18,180,0.001
19,69001,0.85,1.7,0.75,0.5,0.5,4,10,5,5,90,1.5,0.7,8.0,48.0,0.2,0.2,0.1,70,164.0,0.8541666666666666,2.65,True,True,0.4142857142857143,0.21428571428571427,1.8142857142857143,9.0,8.342857142857143,726.0,solved_or_feasible,optimal,optimization_hard_runtime,0.02628016471862793,23.32555603981018,0.5191771984100342,0.000519500382205447,0.7589366319797863,0.7585423641094031,1520,375,1486,1.0,0.09286199999999999,0.6660746319797862,0.7589366319797862,0.0031991574625760033,0.002240781167966875,0.0022511999999999996,0.0,0.0,0.7589366319797862,1.2,1.2,1.2,0.0,0.008251655310099878,0.008251655310099878,0.009901986372119854,0.0026532,0.0026531999999999997,7.724940478959219e-19,0.007248786372119852,0.0,0.0,0.9992253351534368,0.780755748502675,1.0,0.859375,0.9991134529735144,0.8460848142168359,0.9960922884769344,0.8335616282698225,19,180,0.001
19,69002,0.85,1.7,0.75,0.5,0.5,4,10,5,5,90,1.5,0.7,8.0,48.0,0.2,0.2,0.1,60,159.0,0.828125,2.6,False,True,0.31666666666666665,0.21666666666666667,2.1166666666666667,9.0,8.5,669.0,solved_or_feasible,optimal,optimization_hard_runtime,0.022635936737060547,54.17880201339722,0.19136285781860352,0.0008235792645024559,0.6183036941692067,0.6177944720675237,1469,365,1435,0.9333333333333333,0.09286200000000003,0.5254416941692066,0.6183036941692066,0.0031095732192087944,0.0021909219666657524,0.0022511999999999996,0.0,0.0,0.6183036941692066,1.2,1.2,1.2,0.0,0.007054895151704389,0.007054895151704389,0.008465874182045266,0.0026532,0.0026532,0.0,0.005812674182045264,0.0,0.0,0.9940908230978353,0.6997118549983438,1.0,0.8515625,0.9974679248862572,0.8307893785986777,0.9997774594731857,0.836082591324807,19,180,0.001
19,69003,0.85,1.7,0.75,0.5,0.5,4,10,5,5,90,1.5,0.7,8.0,48.0,0.2,0.2,0.1,64,164.0,0.8541666666666666,2.716666666666667,True,True,0.375,0.25,1.890625,8.0,8.0625,642.0,solved_or_feasible,time_limit,optimization_hard_gap,0.03060460090637207,180.0318911075592,15.233782052993774,0.1491086030967229,0.9047677158729847,0.7698590656321512,1393,369,1359,0.95,0.09286200000000001,0.6840157035631982,0.7768777035631982,0.003044464356094517,0.0024117034104468504,0.0022511999999999996,0.00016050341044685076,0.12840272835748062,0.9052804319206789,1.2,1.2,1.2,0.0,0.008220637474011493,0.008220637474011493,0.009864764968813791,0.0026532,0.0026532,1.8973538018496328e-19,0.007211564790242342,0.0,0.0,1.0015561966727746,0.7847523891443267,1.0,0.8671875,0.9949631989969228,0.8444578205116723,0.9988444207294762,0.8401015877738762,19,180,0.001
20,70001,0.85,2.0,0.75,0.25,0.3,4,10,5,5,90,1.5,0.7,8.0,48.0,0.2,0.2,0.1,74,164.0,0.8541666666666666,2.7,True,True,0.06756756756756757,0.16216216216216217,1.864864864864865,8.0,8.027027027027026,710.0,solved_or_feasible,time_limit,optimization_hard_gap,0.0372920036315918,180.0407009124756,56.96401405334473,0.04731848624892307,0.7787216403636529,0.7418737111323666,2145,379,2111,0.9666666666666667,0.09286199999999999,0.6661339855863723,0.7589959855863723,0.003012792954761636,0.002275857068471601,0.0022511999999999996,2.4657068471601196e-05,0.019725654777280957,0.7787216403636532,1.2,1.2,1.2,0.0,0.008099035695492892,0.008099035695492892,0.009718842834591469,0.0026532,0.0026531999999999997,6.505213034913027e-19,0.007065642834591469,0.0,0.0,0.9907510282103746,0.7695950681147004,1.0,0.875,0.9998144981537012,0.8538726225835686,0.9988992528763051,0.8725226930831211,20,180,0.001
20,70002,0.85,2.0,0.75,0.25,0.3,4,10,5,5,90,1.5,0.7,8.0,48.0,0.2,0.2,0.1,71,159.0,0.828125,2.65,False,True,0.19718309859154928,0.16901408450704225,1.8873239436619718,9.0,8.605633802816902,740.0,solved_or_feasible,optimal,proof_harder_than_feasibility,0.027100086212158203,9.874689102172852,0.5651681423187256,0.00092895423227513,0.6779730706540036,0.677343264700651,1996,376,1962,1.0,0.092862,0.5851110706540037,0.6779730706540037,0.003190066959437171,0.002244373812129387,0.0022511999999999996,0.0,0.0,0.6779730706540037,1.2,1.2,1.2,0.0,0.007650097486255723,0.007650097486255723,0.009180116983506868,0.0026532,0.0026532,2.168404344971009e-19,0.006526916983506867,0.0,0.0,1.0028503949936045,0.7306068064864593,1.0,0.83984375,0.9984805352646606,0.8257584514848283,0.9992279373050942,0.8026652902552415,20,180,0.001
20,70003,0.85,2.0,0.75,0.25,0.3,4,10,5,5,90,1.5,0.7,8.0,48.0,0.2,0.2,0.1,61,148.0,0.7708333333333334,2.35,False,True,0.19672131147540983,0.11475409836065574,2.081967213114754,9.0,8.180327868852459,552.0,solved_or_feasible,time_limit,optimization_hard_gap,0.0234830379486084,180.0296471118927,31.987272024154663,0.006825608682627295,0.7381025693265143,0.7330645700206497,1656,366,1622,0.8333333333333334,0.09285909697669709,0.6452434723498172,0.7381025693265142,0.003066795372839059,0.002251498645980809,0.0022511999999999996,2.986459808093471e-07,0.00023891678464747768,0.7383414861111617,1.2,1.2,1.2,0.0,0.007954632033811606,0.007954632033811606,0.009545558440573927,0.0026532,0.0026531170564770595,8.294352294081113e-08,0.006892358440573927,0.0,0.0,1.000987422892148,0.7585018396013286,1.0,0.77734375,0.9963834280538646,0.7562687716360235,0.999895569271442,0.763656086846212,20,180,0.001
21,71001,0.85,2.0,0.75,0.25,0.5,4,10,5,5,90,1.5,0.7,8.0,48.0,0.2,0.2,0.1,54,165.0,0.859375,2.75,True,True,0.18518518518518517,0.35185185185185186,2.0925925925925926,8.0,8.12962962962963,639.0,solved_or_feasible,optimal,optimization_hard_runtime,0.031805992126464844,13.000907897949219,3.527249813079834,9.511094347345083e-05,0.7093314626035085,0.7092639974188649,1360,359,1326,0.95,0.09286199999999999,0.6164694626035085,0.7093314626035085,0.0031040159364991273,0.0022489174054114466,0.0022511999999999996,0.0,0.0,0.7093314626035085,1.2,1.2,1.2,0.0,0.007658233544602711,0.007658233544602711,0.009189880253523252,0.0026532,0.0026531999999999997,5.421010862427522e-19,0.006536680253523254,0.0,0.0,0.9940121911751079,0.7682341003541839,1.0,0.875,0.9999062450573801,0.8620107441005733,0.9973150908784647,0.8608589081492661,21,180,0.001
21,71002,0.85,2.0,0.75,0.25,0.5,4,10,5,5,90,1.5,0.7,8.0,48.0,0.2,0.2,0.1,66,163.0,0.8489583333333334,2.683333333333333,False,True,0.19696969696969696,0.2878787878787879,1.878787878787879,9.0,8.272727272727273,721.0,solved_or_feasible,time_limit,optimization_hard_gap,0.02471184730529785,180.03961300849915,19.88239097595215,0.004186953453405824,0.7274650548099544,0.7244191924864858,1758,371,1724,0.9833333333333333,0.09286199999999994,0.6346030548099545,0.7274650548099544,0.003183728731485662,0.002183815759004553,0.0022511999999999996,0.0,0.0,0.7274650548099544,1.2,1.2,1.2,0.0,0.007925888535643924,0.007925888535643924,0.009511066242772707,0.0026532,0.0026531999999999984,1.8634724839594607e-18,0.006857662837500616,0.0,0.0,1.0024214913344238,0.7713627250747288,1.0,0.8671875,0.9995127093851094,0.8407465020222522,0.999489812163802,0.8359559822527028,21,180,0.001
21,71003,0.85,2.0,0.75,0.25,0.5,4,10,5,5,90,1.5,0.7,8.0,48.0,0.2,0.2,0.1,57,165.0,0.859375,2.7333333333333334,True,True,0.12280701754385964,0.21052631578947367,2.0350877192982457,8.0,7.964912280701754,611.0,solved_or_feasible,optimal,proof_harder_than_feasibility,0.02792978286743164,3.276094913482666,0.6789000034332275,0.0009391498789857833,0.7067497834377752,0.7060860394641864,1509,362,1475,0.9666666666666667,0.092862,0.6138877834377752,0.7067497834377752,0.0031960326796626956,0.0020957408272804564,0.0022511999999999996,0.0,0.0,0.7067497834377752,1.2,1.2,1.2,0.0,0.007614145706321322,0.007614145706321322,0.009136974847585588,0.0026532,0.0026531999999999997,5.421010862427522e-19,0.006483774847585587,0.0,0.0,0.9995619540257739,0.7600650056938933,1.0,0.85546875,0.9997971447945372,0.8195625409995042,0.9963638792480225,0.8333562682027245,21,180,0.001
22,72001,0.85,2.0,0.75,0.5,0.3,4,10,5,5,90,1.5,0.7,8.0,48.0,0.2,0.2,0.1,84,166.0,0.8645833333333334,2.6666666666666665,True,True,0.36904761904761907,0.09523809523809523,1.7976190476190477,8.0,8.285714285714286,790.0,solved_or_feasible,time_limit,optimization_hard_gap,0.02774977684020996,180.03695797920227,21.943140983581543,0.02670276966267328,0.8541895042799833,0.8313802786989218,1954,389,1920,0.9833333333333333,0.09286199999999922,0.7264393530012223,0.8193013530012215,0.003116153908194093,0.002294810189098452,0.0022511999999999996,4.3610189098452525e-05,0.03488815127876202,0.8541895042799835,1.2,1.2,1.2,0.0,0.008676821770984678,0.008676821770984678,0.010412186125181614,0.0026532,0.002653199999999978,2.257851024201063e-17,0.007758636881722219,0.0,0.0,1.0034316003127413,0.8083539156953647,1.0,0.88671875,0.9987781908176574,0.8567326559070163,0.9997989584653731,0.8633039138753356,22,180,0.001
22,72002,0.85,2.0,0.75,0.5,0.3,4,10,5,5,90,1.5,0.7,8.0,48.0,0.2,0.2,0.1,64,156.0,0.8125,2.6,False,True,0.359375,0.140625,2.21875,8.5,8.34375,616.0,solved_or_feasible,time_limit,optimization_hard_gap,0.023011207580566406,180.02022194862366,3.1150240898132324,0.0025935907277659883,0.7913707600527093,0.7893182681872115,1544,369,1510,1.0,0.092862,0.6985087600527092,0.7913707600527092,0.0031941829887189984,0.002242882902876233,0.0022511999999999996,0.0,0.0,0.7913707600527092,1.2,1.2,1.2,0.0,0.008559154666523149,0.008559154666523149,0.010270985599827778,0.0026532,0.0026532,3.7947076036992655e-19,0.00761730530886638,0.0,0.0,1.0013401466067255,0.7759076954877036,1.0,0.82421875,0.999182170624461,0.8022775758234821,0.9994637077719917,0.7897411345392977,22,180,0.001
22,72003,0.85,2.0,0.75,0.5,0.3,4,10,5,5,90,1.5,0.7,8.0,48.0,0.2,0.2,0.1,72,163.0,0.8489583333333334,2.683333333333333,False,True,0.2777777777777778,0.1388888888888889,1.9305555555555556,8.0,8.347222222222221,703.0,solved_or_feasible,optimal,optimization_hard_runtime,0.025918006896972656,39.80326294898987,1.2854640483856201,0.0009838441427149367,0.7438674879757744,0.7431356383047734,1839,377,1805,1.0,0.09286200000000003,0.6510054879757743,0.7438674879757743,0.003188005376121082,0.0022264552593503125,0.0022511999999999996,0.0,0.0,0.7438674879757743,1.2,1.2,1.2,0.0,0.008182907897664975,0.008182907897664975,0.00981948947719797,0.0026532,0.0026532,0.0,0.007166289477197968,0.0,0.0,0.999845770366187,0.7702933390555946,1.0,0.859375,0.9899410350542357,0.8201567038111155,0.9945007320661633,0.834881840540681,22,180,0.001
23,73001,0.85,2.0,0.75,0.5,0.5,4,10,5,5,90,1.5,0.7,8.0,48.0,0.2,0.2,0.1,68,164.0,0.8541666666666666,2.716666666666667,True,True,0.5147058823529411,0.25,1.8676470588235294,9.0,8.617647058823529,737.0,solved_or_feasible,optimal,optimization_hard_runtime,0.031009674072265625,12.67022180557251,0.282883882522583,0.0008801400753857875,0.7725394969691958,0.7718595539980948,1384,373,1350,0.95,0.09285922124050514,0.6796802757286904,0.7725394969691955,0.0032004083094231382,0.0022516922366751175,0.0022511999999999996,4.922366751178124e-07,0.00039378934009424993,0.7729332863092898,1.2,1.2,1.2,0.0,0.008268033370822853,0.008268033370822853,0.009921640044987422,0.0026532,0.0026531206068715753,7.939312842523689e-08,0.007268510033218221,0.0,0.0,1.00005598153348,0.774264487530958,1.0,0.8359375,0.998330269511604,0.8005063635930477,0.998559202038742,0.8207799875968637,23,180,0.001
23,73002,0.85,2.0,0.75,0.5,0.5,4,10,5,5,90,1.5,0.7,8.0,48.0,0.2,0.2,0.1,57,165.0,0.859375,2.683333333333333,True,True,0.3684210526315789,0.3333333333333333,2.087719298245614,8.0,8.368421052631579,667.0,solved_or_feasible,optimal,easy_or_medium,0.03624987602233887,2.091309070587158,0.2115490436553955,0.0009677552762635331,0.7418432983624603,0.7411253755963093,1370,362,1336,0.9833333333333333,0.09286200000000001,0.6489812983624603,0.7418432983624603,0.003177091575002416,0.0022485268603768967,0.0022511999999999996,0.0,0.0,0.7418432983624603,1.2,1.2,1.2,0.0,0.008140183769472223,0.008140183769472223,0.009768220523366667,0.0026532,0.0026532,2.168404344971009e-19,0.007115020523366666,0.0,0.0,0.9998462476627256,0.7800611580926899,1.0,0.859375,0.9996343308537428,0.8172217490249208,0.9945331462489461,0.8198743775448947,23,180,0.001
23,73003,0.85,2.0,0.75,0.5,0.5,4,10,5,5,90,1.5,0.7,8.0,48.0,0.2,0.2,0.1,73,164.0,0.8541666666666666,2.716666666666667,True,True,0.410958904109589,0.1506849315068493,1.8630136986301369,8.0,8.452054794520548,716.0,solved_or_feasible,optimal,optimization_hard_runtime,0.03166627883911133,81.67764401435852,2.823668956756592,0.0009232519896075317,0.7605960794107789,0.7598938575671752,1702,378,1668,0.9833333333333333,0.09286200000000003,0.667734079410779,0.760596079410779,0.0031579463055639067,0.002245824705822789,0.0022511999999999996,0.0,0.0,0.760596079410779,1.2,1.2,1.2,0.0,0.008245971806291061,0.008245971806291061,0.009895166167549273,0.0026532,0.0026532,0.0,0.007241966167549272,0.0,0.0,0.9991059562121868,0.7756998514368332,1.0,0.8515625,0.997540756027569,0.8254222831107663,0.9989916143688418,0.8275897679120897,23,180,0.001
24,74001,0.9,1.4,0.75,0.25,0.3,4,10,5,5,90,1.5,0.7,8.0,48.0,0.2,0.2,0.1,83,170.0,0.8854166666666666,2.816666666666667,False,True,0.18072289156626506,0.12048192771084337,1.783132530120482,9.0,8.566265060240964,808.0,solved_or_feasible,time_limit,optimization_hard_gap,0.03229212760925293,180.02252101898193,2.049772024154663,0.012084166466854097,0.6753568336792133,0.6671957092765062,2404,388,2370,0.9833333333333333,0.092862,0.5824948336792132,0.6753568336792132,0.0031738131276399175,0.0020201938053455008,0.0022511999999999996,0.0,0.0,0.6753568336792132,1.2,1.2,1.2,0.0,0.0075997053148532025,0.0075997053148532025,0.009119646377823844,0.0026532,0.0026532,2.981555974335137e-19,0.0064662566453023585,0.0,0.0,1.0022587204938471,0.7240372697217716,1.0,0.87890625,0.9979782666879105,0.8383237936142163,0.9966734739708313,0.8524000272866006,24,180,0.001
24,74002,0.9,1.4,0.75,0.25,0.3,4,10,5,5,90,1.5,0.7,8.0,48.0,0.2,0.2,0.1,62,168.0,0.875,2.683333333333333,False,True,0.1774193548387097,0.22580645161290322,2.064516129032258,8.0,8.17741935483871,679.0,solved_or_feasible,optimal,optimization_hard_runtime,0.023268938064575195,147.91227984428406,26.553755044937134,0.0009798671697727294,0.6717219930639544,0.6710637947357367,1643,367,1609,0.9166666666666666,0.09286200000000003,0.5788599930639544,0.6717219930639544,0.0030945234563869665,0.00219841347660722,0.0022511999999999996,0.0,0.0,0.6717219930639544,1.2,1.2,1.2,0.0,0.007544716926050547,0.007544716926050547,0.009053660311260654,0.0026532,0.0026532,0.0,0.006400460311260655,0.0,0.0,0.9951029540319333,0.7399422745847459,1.0,0.890625,0.9969265083539816,0.8696767301940864,0.998220033860666,0.8599107748699628,24,180,0.001
24,74003,0.9,1.4,0.75,0.25,0.3,4,10,5,5,90,1.5,0.7,8.0,48.0,0.2,0.2,0.1,69,154.0,0.8020833333333334,2.5,False,True,0.15942028985507245,0.15942028985507245,1.8695652173913044,9.0,8.478260869565217,673.0,solved_or_feasible,optimal,optimization_hard_runtime,0.027207136154174805,90.23537492752075,0.469728946685791,0.0009897467111695535,0.7505825451711778,0.7498396585656334,2012,374,1978,0.9666666666666667,0.09286199999999956,0.6577205451711783,0.7505825451711778,0.0031896617946738327,0.0022420137281198753,0.0022511999999999996,0.0,0.0,0.7505825451711778,1.2,1.2,1.2,0.0,0.00811400572553746,0.00811400572553746,0.009736806870644953,0.0026532,0.0026531999999999875,1.3118846287074604e-17,0.007083558006346473,0.0,0.0,1.0000671914107344,0.7552001304362216,1.0,0.8046875,0.9999656804829481,0.7791105185978905,0.9998844727528616,0.7752409791460493,24,180,0.001
25,75001,0.9,1.4,0.75,0.25,0.5,4,10,5,5,90,1.5,0.7,8.0,48.0,0.2,0.2,0.1,73,173.0,0.9010416666666666,2.8333333333333335,True,True,0.2328767123287671,0.2191780821917808,1.821917808219178,8.0,8.0,746.0,solved_or_feasible,time_limit,optimization_hard_gap,0.02812480926513672,180.01754593849182,1.9046318531036377,0.003981439731792759,0.7688938373193301,0.7658325328458964,1839,378,1805,1.0,0.092862,0.6760318373193301,0.7688938373193301,0.0031846339352481004,0.002246184760080913,0.0022511999999999996,0.0,0.0,0.7688938373193301,1.2,1.2,1.2,0.0,0.008355410325223266,0.008355410325223266,0.01002649239026792,0.0026532,0.0026531999999999997,4.87890977618477e-19,0.00737329239026792,0.0,0.0,1.0004667652770376,0.7959242081215686,1.0,0.90234375,0.991534340800147,0.8676322599851105,0.9987568618194119,0.8693994056288743,25,180,0.001
25,75002,0.9,1.4,0.75,0.25,0.5,4,10,5,5,90,1.5,0.7,8.0,48.0,0.2,0.2,0.1,65,167.0,0.8697916666666666,2.716666666666667,False,True,0.18461538461538463,0.24615384615384617,1.9538461538461538,8.0,7.707692307692308,637.0,solved_or_feasible,optimal,easy_or_medium,0.021908283233642578,1.6251530647277832,0.3910961151123047,0.0009571380647930259,0.7664895558956833,0.7657559195654693,1598,370,1564,0.9666666666666667,0.09286199999999997,0.6736275558956832,0.7664895558956832,0.002943188363545155,0.002248821170559681,0.0022511999999999996,0.0,0.0,0.7664895558956832,1.2,1.2,1.2,0.0,0.00818053205126051,0.00818053205126051,0.00981663846151261,0.0026532,0.0026531999999999997,7.589415207398531e-19,0.007163438461512612,0.0,0.0,0.9995556303973017,0.7653895645165347,1.0,0.875,0.9989059195351708,0.8618708627523235,0.9986205864448934,0.8425557432235671,25,180,0.001
25,75003,0.9,1.4,0.75,0.25,0.5,4,10,5,5,90,1.5,0.7,8.0,48.0,0.2,0.2,0.1,74,173.0,0.9010416666666666,2.716666666666667,True,True,0.1891891891891892,0.20270270270270271,1.9189189189189189,7.0,7.675675675675675,700.0,solved_or_feasible,time_limit,optimization_hard_gap,0.02658390998840332,180.02570700645447,8.40962815284729,0.02463526258927914,0.70425930632548,0.6869096933832082,1862,379,1828,0.9833333333333333,0.09286199999999999,0.6113973063254798,0.7042593063254798,0.0030114606633808165,0.0022337527126932784,0.0022511999999999996,0.0,0.0,0.7042593063254798,1.2,1.2,1.2,0.0,0.0076344226336739415,0.0076344226336739415,0.00916130716040873,0.0026532,0.0026531999999999997,7.589415207398531e-19,0.0065081071604087305,0.0,0.0,0.9953757759880439,0.7171783370946834,1.0,0.91015625,0.9997673361845096,0.8809222437404389,0.9986008039229608,0.8944970963413041,25,180,0.001
26,76001,0.9,1.4,0.75,0.5,0.3,4,10,5,5,90,1.5,0.7,8.0,48.0,0.2,0.2,0.1,73,167.0,0.8697916666666666,2.6666666666666665,False,True,0.3424657534246575,0.1095890410958904,1.9452054794520548,8.0,7.986301369863014,670.0,solved_or_feasible,time_limit,optimization_hard_gap,0.033464908599853516,180.03616094589233,73.90593814849854,0.02785623222042709,0.7937872505107393,0.7716753285268978,1719,378,1685,0.9833333333333333,0.09286200000000001,0.6834253676564186,0.7762873676564186,0.003149623479800193,0.0022730748535679008,0.0022511999999999996,2.1874853567901108e-05,0.017499882854320886,0.7937872505107395,1.2,1.2,1.2,0.0,0.008316393864500934,0.008316393864500934,0.009979672637401123,0.0026532,0.0026532,2.303929616531697e-19,0.0073262399201308726,0.0,0.0,1.0009526036688565,0.7895837195423345,1.0,0.87890625,0.9990242892479857,0.8641039231922498,0.9967002526568057,0.8511873929439948,26,180,0.001
26,76002,0.9,1.4,0.75,0.5,0.3,4,10,5,5,90,1.5,0.7,8.0,48.0,0.2,0.2,0.1,65,162.0,0.84375,2.5833333333333335,False,True,0.2923076923076923,0.13846153846153847,2.0153846153846153,8.0,7.430769230769231,577.0,solved_or_feasible,time_limit,optimization_hard_gap,0.020932912826538086,180.02077198028564,4.6854259967803955,0.013733588065733287,0.8127196797635519,0.8015581224687646,1453,370,1419,0.9666666666666667,0.092862,0.6952373854214049,0.7880993854214049,0.003003070144050205,0.0022819753679276847,0.0022511999999999996,3.077536792768509e-05,0.024620294342148075,0.812719679763553,1.2,1.2,1.2,0.0,0.008326568930538576,0.008326568930538576,0.009991882716646291,0.0026532,0.0026531999999999997,5.692061405548898e-19,0.00733861236454776,0.0,0.0,1.0035131608519272,0.8159781548805036,1.0,0.86328125,0.9983029941631153,0.8421267039077558,0.9996244511451037,0.8632019507107502,26,180,0.001
26,76003,0.9,1.4,0.75,0.5,0.3,4,10,5,5,90,1.5,0.7,8.0,48.0,0.2,0.2,0.1,90,160.0,0.8333333333333334,2.5833333333333335,False,True,0.36666666666666664,0.13333333333333333,1.5777777777777777,8.0,8.422222222222222,868.0,solved_or_feasible,optimal,optimization_hard_runtime,0.032482147216796875,41.3586859703064,2.958354949951172,0.0006106979057066188,0.7584196458904504,0.7579564806010584,2183,395,2149,0.9,0.092862,0.6655576458904504,0.7584196458904504,0.003199848119422122,0.0022406134986071445,0.0022511999999999996,0.0,0.0,0.7584196458904504,1.2,1.2,1.2,0.0,0.008267668509842773,0.008267668509842773,0.009921202211811326,0.0026532,0.0026531999999999997,4.743384504624082e-19,0.007268002211811325,0.0,0.0,0.9976212822196057,0.7952659013370501,1.0,0.84375,0.9998948764124855,0.8262419525220918,0.9996912267383368,0.8229933186796503,26,180,0.001
27,77001,0.9,1.4,0.75,0.5,0.5,4,10,5,5,90,1.5,0.7,8.0,48.0,0.2,0.2,0.1,75,165.0,0.859375,2.65,False,True,0.3333333333333333,0.2,1.7733333333333334,8.0,7.92,725.0,solved_or_feasible,optimal,optimization_hard_runtime,0.023187875747680664,10.730665922164917,0.18255615234375,0.000999834965924989,0.7476222025468205,0.7468747037274124,1635,380,1601,1.0,0.092862,0.6547602025468204,0.7476222025468204,0.003215012904056281,0.0021829292878360416,0.0022511999999999996,0.0,0.0,0.7476222025468204,1.2,1.2,1.2,0.0,0.008179308819405042,0.008179308819405042,0.009815170583286048,0.0026532,0.0026531999999999997,6.640738306473715e-19,0.007161970583286049,0.0,0.0,1.0029677395885794,0.763787834024819,1.0,0.84375,0.9999090166315614,0.8149235609626189,0.9980399002163125,0.8148974358521586,27,180,0.001
27,77002,0.9,1.4,0.75,0.5,0.5,4,10,5,5,90,1.5,0.7,8.0,48.0,0.2,0.2,0.1,75,173.0,0.9010416666666666,2.7666666666666666,True,True,0.38666666666666666,0.21333333333333335,1.8,8.0,8.213333333333333,806.0,solved_or_feasible,time_limit,optimization_hard_gap,0.026789188385009766,180.02773213386536,0.24688100814819336,0.004628507413797793,0.7750537926291753,0.771466450403899,1705,380,1671,0.95,0.09286200000000001,0.6821917926291752,0.7750537926291752,0.0031724308302707033,0.0022185657089135217,0.0022511999999999996,0.0,0.0,0.7750537926291752,1.2,1.2,1.2,0.0,0.008292821590093582,0.008292821590093582,0.009951385908112299,0.0026532,0.0026532,1.0842021724855044e-19,0.007297950260541661,0.0,0.0,1.0033255880092364,0.767685785537598,1.0,0.91015625,0.9982131711494884,0.8669817534054679,0.9996296749505862,0.8814784318608766,27,180,0.001
27,77003,0.9,1.4,0.75,0.5,0.5,4,10,5,5,90,1.5,0.7,8.0,48.0,0.2,0.2,0.1,71,173.0,0.9010416666666666,2.8333333333333335,True,True,0.352112676056338,0.2112676056338028,1.9154929577464788,8.0,7.985915492957746,740.0,solved_or_feasible,time_limit,optimization_hard_gap,0.02555680274963379,180.02715015411377,14.600926876068115,0.004437035017070011,0.7869299636992702,0.7834383278943549,1513,376,1479,0.9833333333333333,0.09286199999999999,0.6940679636992702,0.7869299636992702,0.0031535682709943453,0.002250421898227956,0.0022511999999999996,0.0,0.0,0.7869299636992702,1.2,1.2,1.2,0.0,0.00833154164610447,0.00833154164610447,0.009997849975325365,0.0026532,0.0026531999999999997,8.402566836762659e-19,0.007344649975325365,0.0,0.0,0.9978689330813869,0.815975705745628,1.0,0.91015625,0.9995751357965957,0.8760054635806258,0.9995256470363653,0.8912295181669092,27,180,0.001
28,78001,0.9,1.7,0.75,0.25,0.3,4,10,5,5,90,1.5,0.7,8.0,48.0,0.2,0.2,0.1,68,158.0,0.8229166666666666,2.5833333333333335,False,True,0.1323529411764706,0.17647058823529413,1.8823529411764706,8.0,8.088235294117647,662.0,solved_or_feasible,optimal,optimization_hard_runtime,0.025669097900390625,50.82313299179077,2.013009786605835,0.0007864177655884419,0.6967726857096987,0.6962247312910799,1923,373,1889,1.0,0.092862,0.6039106857096987,0.6967726857096987,0.002978158378139564,0.0022435927087895674,0.0022511999999999996,0.0,0.0,0.6967726857096987,1.2,1.2,1.2,0.0,0.00762261173963773,0.00762261173963773,0.009147134087565276,0.0026532,0.0026532,2.303929616531697e-19,0.006493934087565272,0.0,0.0,1.003213539345465,0.7561013889500996,1.0,0.84765625,0.9986954539982655,0.8067467302783076,0.9988867621947736,0.8301143092552394,28,180,0.001
28,78002,0.9,1.7,0.75,0.25,0.3,4,10,5,5,90,1.5,0.7,8.0,48.0,0.2,0.2,0.1,69,169.0,0.8802083333333334,2.7666666666666666,False,True,0.17391304347826086,0.17391304347826086,1.9565217391304348,8.0,7.927536231884058,676.0,solved_or_feasible,optimal,optimization_hard_runtime,0.029824018478393555,41.412121057510376,4.643321990966797,0.0003860420453312534,0.7184223245804912,0.7181449833568985,1833,374,1799,0.9833333333333333,0.09286200000000001,0.625560324580491,0.718422324580491,0.0030636908305719038,0.0022463462381129063,0.0022511999999999996,0.0,0.0,0.718422324580491,1.2,1.2,1.2,0.0,0.00785201059019109,0.00785201059019109,0.009422412708229308,0.0026532,0.0026532,1.0842021724855044e-19,0.006769212708229307,0.0,0.0,0.9998300788868683,0.7139352396032628,1.0,0.88671875,0.9993997622373395,0.8806749756077521,0.9998747837116623,0.8554867072685315,28,180,0.001
28,78003,0.9,1.7,0.75,0.25,0.3,4,10,5,5,90,1.5,0.7,8.0,48.0,0.2,0.2,0.1,77,165.0,0.859375,2.6166666666666667,False,True,0.15584415584415584,0.18181818181818182,1.6753246753246753,9.0,8.376623376623376,793.0,solved_or_feasible,time_limit,optimization_hard_gap,0.031472206115722656,180.01795387268066,4.914569854736328,0.061462417163778586,0.8307163030233344,0.7796584710621624,2089,382,2055,0.9,0.09286199999999897,0.6890743306580326,0.7819363306580316,0.0030952958431468957,0.002312174965456628,0.0022511999999999996,6.097496545662837e-05,0.048779972365302696,0.8307163030233343,1.2,1.2,1.2,0.0,0.008175809814370534,0.008175809814370534,0.00981097177724464,0.0026532,0.002653199999999971,2.925990612995255e-17,0.007157573507427961,0.0,0.0,1.0018125995345675,0.8065956265554763,1.0,0.859375,0.9998865140708038,0.8365060293590342,0.9987934100058821,0.8451205906063949,28,180,0.001
29,79001,0.9,1.7,0.75,0.25,0.5,4,10,5,5,90,1.5,0.7,8.0,48.0,0.2,0.2,0.1,74,164.0,0.8541666666666666,2.7,False,True,0.1891891891891892,0.2702702702702703,1.6756756756756757,8.0,8.256756756756756,800.0,solved_or_feasible,optimal,easy_or_medium,0.025205135345458984,5.316713094711304,2.8804421424865723,0.00042512783238288573,0.697607712589915,0.6973111401352081,1891,379,1857,0.9666666666666667,0.092862,0.6047457125899152,0.6976077125899152,0.002950800189556589,0.0022211251533834505,0.0022511999999999996,0.0,0.0,0.6976077125899152,1.2,1.2,1.2,0.0,0.007634958324412544,0.007634958324412544,0.009161949989295051,0.0026532,0.0026531999999999997,3.7947076036992655e-19,0.00650874998929505,0.0,0.0,0.9991828946270477,0.732210122944184,1.0,0.86328125,0.9998211128961054,0.8359707336120776,0.9976451850111054,0.8243442961740054,29,180,0.001
29,79002,0.9,1.7,0.75,0.25,0.5,4,10,5,5,90,1.5,0.7,8.0,48.0,0.2,0.2,0.1,62,153.0,0.796875,2.55,False,True,0.20967741935483872,0.25806451612903225,2.0,8.0,8.32258064516129,656.0,solved_or_feasible,optimal,optimization_hard_runtime,0.022617101669311523,43.102296113967896,0.3295459747314453,0.0002952017038521888,0.7005650486342901,0.700358240638274,1632,367,1598,0.95,0.092862,0.60770304863429,0.70056504863429,0.0031833549994602773,0.002251771961532532,0.0022511999999999996,5.719615325324064e-07,0.0004575692260259251,0.7010226178603159,1.2,1.2,1.2,0.0,0.007716962236278985,0.007716962236278985,0.009260354683534783,0.0026532,0.0026532,3.2526065174565133e-19,0.006607076011702008,0.0,0.0,1.0009365694377717,0.7733035694479945,1.0,0.8203125,0.9992184578883931,0.78911635170015,0.9994451630976785,0.798610637852432,29,180,0.001
29,79003,0.9,1.7,0.75,0.25,0.5,4,10,5,5,90,1.5,0.7,8.0,48.0,0.2,0.2,0.1,72,169.0,0.8802083333333334,2.783333333333333,False,True,0.3055555555555556,0.2361111111111111,1.7916666666666667,8.0,8.23611111111111,812.0,solved_or_feasible,optimal,optimization_hard_runtime,0.024999141693115234,18.12997007369995,2.3302619457244873,0.0009094843750235211,0.7157010292566329,0.7150501103533358,1716,377,1682,1.0,0.092862,0.622839029256633,0.715701029256633,0.003134039747293675,0.0021981985729046458,0.0022511999999999996,0.0,0.0,0.715701029256633,1.2,1.2,1.2,0.0,0.007898925320341591,0.007898925320341591,0.00947871038440991,0.0026532,0.0026531999999999997,6.505213034913027e-19,0.006825320203633136,0.0,0.0,0.9999821301683275,0.7378500120537939,1.0,0.8984375,0.9993489674604474,0.866625868386242,0.9995350642439798,0.8767373399236355,29,180,0.001
30,80001,0.9,1.7,0.75,0.5,0.3,4,10,5,5,90,1.5,0.7,8.0,48.0,0.2,0.2,0.1,72,164.0,0.8541666666666666,2.65,False,True,0.5555555555555556,0.1527777777777778,1.9444444444444444,8.0,7.847222222222222,666.0,solved_or_feasible,optimal,optimization_hard_runtime,0.020685195922851562,21.21792984008789,0.18359684944152832,0.0009778020500822075,0.7759289274721778,0.7751702225761774,1252,377,1218,1.0,0.092862,0.6830669274721778,0.7759289274721778,0.003208168927739366,0.0022501787834246717,0.0022511999999999996,0.0,0.0,0.7759289274721778,1.2,1.2,1.2,0.0,0.008459779646745288,0.008459779646745288,0.010151735576094346,0.0026532,0.0026531999999999997,4.336808689942018e-19,0.007498325926469835,0.0,0.0,1.001083699708957,0.795399526152103,1.0,0.87109375,0.9996859137876185,0.8221910103979717,0.9992811871228425,0.8363591692774042,30,180,0.001
30,80002,0.9,1.7,0.75,0.5,0.3,4,10,5,5,90,1.5,0.7,8.0,48.0,0.2,0.2,0.1,81,172.0,0.8958333333333334,2.85,False,True,0.48148148148148145,0.1111111111111111,1.8518518518518519,8.0,8.17283950617284,759.0,solved_or_feasible,time_limit,optimization_hard_gap,0.040450096130371094,180.03289103507996,31.90933108329773,0.22993735643658056,1.0110970618180029,0.7786080763227774,1661,386,1627,0.9833333333333333,0.092862,0.692030610470144,0.784892610470144,0.003102982289613945,0.002533955564184823,0.0022511999999999996,0.0002827555641848234,0.22620445134785871,1.0110970618180026,1.2,1.2,1.2,0.0,0.008431220808236975,0.008431220808236975,0.01011746496988437,0.0026532,0.0026532,2.981555974335137e-19,0.007464168382727284,0.0,0.0,1.0033195024469832,0.7933445915317865,1.0,0.90625,0.9998871457944154,0.8856408340339076,0.9997818771046888,0.8901912494317044,30,180,0.001
30,80003,0.9,1.7,0.75,0.5,0.3,4,10,5,5,90,1.5,0.7,8.0,48.0,0.2,0.2,0.1,76,166.0,0.8645833333333334,2.6666666666666665,False,True,0.42105263157894735,0.14473684210526316,1.881578947368421,8.0,8.06578947368421,707.0,solved_or_feasible,optimal,optimization_hard_runtime,0.02353191375732422,58.062482833862305,1.239912986755371,0.0007450276409052057,0.7697785441293075,0.7692050378365554,1629,381,1595,1.0,0.09286200000000003,0.6769165441293075,0.7697785441293075,0.003193895295417167,0.0022043543859084254,0.0022511999999999996,0.0,0.0,0.7697785441293075,1.2,1.2,1.2,0.0,0.0083539623221209,0.0083539623221209,0.01002475478654508,0.0026532,0.0026532,0.0,0.007371554786545079,0.0,0.0,0.9974875002611808,0.7929187205741342,1.0,0.875,0.9996042298191314,0.8398630623806307,0.999770378881184,0.8542637185520265,30,180,0.001
31,81001,0.9,1.7,0.75,0.5,0.5,4,10,5,5,90,1.5,0.7,8.0,48.0,0.2,0.2,0.1,71,165.0,0.859375,2.7333333333333334,False,True,0.38028169014084506,0.2676056338028169,1.7746478873239437,9.0,8.52112676056338,788.0,solved_or_feasible,time_limit,optimization_hard_gap,0.02393794059753418,180.02272295951843,2.641873836517334,0.005775679094388954,0.7851256681298573,0.7805910342219715,1660,376,1626,0.9333333333333333,0.09286199999999999,0.6900647274783703,0.7829267274783703,0.0030695256110488773,0.0022539486758143584,0.0022511999999999996,2.7486758143588017e-06,0.0021989406514870413,0.7851256681298574,1.2,1.2,1.2,0.0,0.008345578595928983,0.008345578595928983,0.010014694315114779,0.0026532,0.0026531999999999997,5.963111948670274e-19,0.0073614943151147786,0.0,0.0,0.9940895890937806,0.7936810848386502,1.0,0.875,0.9961666509395395,0.8668527579903405,0.9995035103594451,0.8515570925850053,31,180,0.001
31,81002,0.9,1.7,0.75,0.5,0.5,4,10,5,5,90,1.5,0.7,8.0,48.0,0.2,0.2,0.1,61,169.0,0.8802083333333334,2.7666666666666666,False,True,0.32786885245901637,0.19672131147540983,2.1639344262295084,8.0,7.819672131147541,580.0,solved_or_feasible,optimal,optimization_hard_runtime,0.02092909812927246,123.71842789649963,1.5125939846038818,0.0,0.7928967240625954,0.7928967240625954,1464,366,1430,1.0,0.09286200000000003,0.6901583750284934,0.7830203750284934,0.0030191476396731437,0.002263545436292627,0.0022511999999999996,1.2345436292627437e-05,0.00987634903410195,0.7928967240625954,1.2,1.2,1.2,0.0,0.008252131747078062,0.008252131747078062,0.009902558096493675,0.0026532,0.0026532,0.0,0.007249358096493674,0.0,0.0,0.997907831328378,0.7686469737420762,1.0,0.8828125,0.9960094829957987,0.8585009874442253,0.9995903929079137,0.8564399322953479,31,180,0.001
31,81003,0.9,1.7,0.75,0.5,0.5,4,10,5,5,90,1.5,0.7,8.0,48.0,0.2,0.2,0.1,60,168.0,0.875,2.8,False,True,0.43333333333333335,0.25,2.1666666666666665,8.0,8.333333333333334,650.0,solved_or_feasible,optimal,optimization_hard_runtime,0.02126479148864746,87.6314811706543,3.1778409481048584,0.0,1.0097026430960143,1.0097026430960143,1324,365,1290,0.9333333333333333,0.09286200000000003,0.7509506114956578,0.8438126114956578,0.002990304886283946,0.0024585625395004453,0.0022511999999999996,0.00020736253950044562,0.16589003160035648,1.0097026430960143,1.2,1.2,1.2,0.0,0.008791869483271698,0.008791869483271698,0.01055024337992604,0.0026532,0.0026532,0.0,0.007897043379926038,0.0,0.0,0.9985461693159312,0.8172817969531446,1.0,0.89453125,0.9994353819386932,0.885656117771219,0.9981381611743338,0.8809593425748614,31,180,0.001
32,82001,0.9,2.0,0.75,0.25,0.3,4,10,5,5,90,1.5,0.7,8.0,48.0,0.2,0.2,0.1,82,164.0,0.8541666666666666,2.716666666666667,False,True,0.17073170731707318,0.13414634146341464,1.6951219512195121,8.0,8.170731707317072,769.0,solved_or_feasible,time_limit,optimization_hard_gap,0.029137134552001953,203.4021999835968,13.969440937042236,0.006379970292829929,0.6905521150456772,0.6861464130660349,2253,387,2219,0.9666666666666667,0.092862,0.597690115045677,0.690552115045677,0.003141684646554346,0.0021978425952155164,0.0022511999999999996,0.0,0.0,0.690552115045677,1.2,1.2,1.2,0.0,0.007707395028749711,0.007707395028749711,0.009248874034499654,0.0026532,0.0026532,2.981555974335137e-19,0.006595623062761663,0.0,0.0,1.0003398115866,0.7468736014507817,1.0,0.87109375,0.9998943273216194,0.8533349422711995,0.9994402393477219,0.8375444682960586,32,180,0.001
32,82002,0.9,2.0,0.75,0.25,0.3,4,10,5,5,90,1.5,0.7,8.0,48.0,0.2,0.2,0.1,72,164.0,0.8541666666666666,2.65,False,True,0.1388888888888889,0.125,1.9166666666666667,8.0,8.152777777777779,703.0,solved_or_feasible,optimal,optimization_hard_runtime,0.027487993240356445,161.58968305587769,24.562484979629517,0.0008214270429742946,0.6996344778251951,0.6990597791449122,1989,377,1955,0.9833333333333333,0.09285818467834847,0.6067762931468464,0.699634477825195,0.00316009871945468,0.0020247179494015713,0.0022511999999999996,0.0,0.0,0.699634477825195,1.2,1.2,1.2,0.0,0.007793754406383524,0.007793754406383524,0.009352505287660231,0.0026532,0.0026530909908099565,1.0900919004372704e-07,0.006699240915966286,0.0,0.0,1.002031729842492,0.7654601584328534,1.0,0.85546875,0.9995699438935597,0.846877565082756,0.9992310057848884,0.8373927986654144,32,180,0.001
32,82003,0.9,2.0,0.75,0.25,0.3,4,10,5,5,90,1.5,0.7,8.0,48.0,0.2,0.2,0.1,66,153.0,0.796875,2.55,False,True,0.15151515151515152,0.15151515151515152,2.015151515151515,8.0,8.227272727272727,645.0,solved_or_feasible,optimal,optimization_hard_runtime,0.02535223960876465,50.21708798408508,0.2178030014038086,0.0009798596287788714,0.7160024894060275,0.7153009074725534,1846,371,1812,0.9,0.09286965728687355,0.6231328321191539,0.7160024894060275,0.003157130008758898,0.0021953943835028716,0.0022511999999999996,0.0,0.0,0.7160024894060275,1.2,1.2,1.2,0.0,0.007899223542182227,0.007899223542182227,0.009479068250618672,0.0026532,0.0026534187796249586,3.7947076036992655e-19,0.006825649470993714,0.0,0.0,1.0023136096969871,0.7715640499557967,1.0,0.80078125,0.9993982032614585,0.7948664605158917,0.9974767973120594,0.779882995902081,32,180,0.001
33,83001,0.9,2.0,0.75,0.25,0.5,4,10,5,5,90,1.5,0.7,8.0,48.0,0.2,0.2,0.1,60,152.0,0.7916666666666666,2.466666666666667,False,True,0.1,0.23333333333333334,1.9333333333333333,8.0,8.35,641.0,solved_or_feasible,optimal,optimization_hard_runtime,0.022970199584960938,24.611884832382202,2.135692834854126,0.0008902528465465397,0.7257814536394602,0.725135324634387,1724,365,1690,0.95,0.09286199999999997,0.6329194536394602,0.7257814536394602,0.0027821825208557277,0.0022478018539738797,0.0022511999999999996,0.0,0.0,0.7257814536394602,1.2,1.2,1.2,0.0,0.0077632493073958725,0.0077632493073958725,0.009315899168875045,0.0026532,0.0026531999999999997,6.505213034913027e-19,0.006662699168875046,0.0,0.0,0.9989397591399947,0.7646740867002046,1.0,0.8203125,0.9993097278906233,0.8133697637657071,0.9884825677019147,0.8026183327708375,33,180,0.001
33,83002,0.9,2.0,0.75,0.25,0.5,4,10,5,5,90,1.5,0.7,8.0,48.0,0.2,0.2,0.1,71,168.0,0.875,2.7666666666666666,False,True,0.19718309859154928,0.22535211267605634,1.9014084507042253,8.0,8.056338028169014,735.0,solved_or_feasible,time_limit,optimization_hard_gap,0.02494525909423828,180.02603220939636,18.984272003173828,0.005266078294936153,0.7835963608093388,0.7794698810216898,1828,376,1794,0.9333333333333333,0.092862,0.6907343608093389,0.7835963608093389,0.0031964408967794468,0.0022506379325519816,0.0022511999999999996,0.0,0.0,0.7835963608093389,1.2,1.2,1.2,0.0,0.008324715486807032,0.008324715486807032,0.009989658584168438,0.0026532,0.0026531999999999997,6.844026213814747e-19,0.007336286054592156,0.0,0.0,1.001026961763573,0.7873812830709928,1.0,0.8984375,0.9994642568238588,0.8652067481245389,0.9966786565829432,0.8799295913699696,33,180,0.001
33,83003,0.9,2.0,0.75,0.25,0.5,4,10,5,5,90,1.5,0.7,8.0,48.0,0.2,0.2,0.1,69,170.0,0.8854166666666666,2.75,False,True,0.17391304347826086,0.2463768115942029,1.8695652173913044,9.0,8.27536231884058,729.0,solved_or_feasible,optimal,optimization_hard_runtime,0.025508642196655273,155.75082111358643,5.557311058044434,0.0009921942405430387,0.7442683832453122,0.7435299244420379,1847,374,1813,0.9333333333333333,0.09286200000000003,0.6514063832453121,0.7442683832453121,0.0030850115265031127,0.0022464262736468167,0.0022511999999999996,0.0,0.0,0.7442683832453121,1.2,1.2,1.2,0.0,0.008103818325577165,0.008103818325577165,0.009724581990692597,0.0026532,0.0026532,0.0,0.007071381990692597,0.0,0.0,0.9989882153577727,0.8043932140584171,1.0,0.890625,0.9999443195957425,0.8711610399408815,0.9972480895209151,0.8573293424668743,33,180,0.001
34,84001,0.9,2.0,0.75,0.5,0.3,4,10,5,5,90,1.5,0.7,8.0,48.0,0.2,0.2,0.1,74,157.0,0.8177083333333334,2.55,False,True,0.32432432432432434,0.17567567567567569,1.7432432432432432,9.0,8.77027027027027,808.0,solved_or_feasible,optimal,optimization_hard_runtime,0.02528524398803711,19.513932943344116,0.22332096099853516,0.0009985773184443638,0.6534372466352043,0.6527847390216877,1819,379,1785,0.9666666666666667,0.09285884953868405,0.5605783970965201,0.6534372466352042,0.0032083138272591995,0.002166239510722799,0.0022511999999999996,0.0,0.0,0.6534372466352042,1.2,1.2,1.2,0.0,0.007344225941131741,0.007344225941131741,0.008813071129358089,0.0026532,0.0026531099868195443,9.001318045611024e-08,0.006159871129358089,0.0,0.0,1.0016363336021945,0.7198824564849604,1.0,0.81640625,0.999039212137356,0.8007046638534017,0.9988187715035378,0.779736960717198,34,180,0.001
34,84002,0.9,2.0,0.75,0.5,0.3,4,10,5,5,90,1.5,0.7,8.0,48.0,0.2,0.2,0.1,79,172.0,0.8958333333333334,2.8,False,True,0.46835443037974683,0.10126582278481013,1.8860759493670887,8.0,8.30379746835443,737.0,solved_or_feasible,optimal,optimization_hard_runtime,0.02489781379699707,90.70297312736511,0.49999117851257324,0.0008905423909058418,0.7458413819993661,0.7451771786318039,1705,384,1671,0.9333333333333333,0.092862,0.6529793819993661,0.7458413819993661,0.0031933141938669143,0.0022325008559798266,0.0022511999999999996,0.0,0.0,0.7458413819993661,1.2,1.2,1.2,0.0,0.008170127489396925,0.008170127489396925,0.00980415298727631,0.0026532,0.0026531999999999997,4.87890977618477e-19,0.007150952987276301,0.0,0.0,1.0017931804273243,0.7425959179649064,1.0,0.90234375,0.9974736513597796,0.8726618449446102,0.9999842741347841,0.8732303126593641,34,180,0.001
34,84003,0.9,2.0,0.75,0.5,0.3,4,10,5,5,90,1.5,0.7,8.0,48.0,0.2,0.2,0.1,73,165.0,0.859375,2.7333333333333334,False,True,0.3972602739726027,0.1780821917808219,1.7945205479452055,8.0,8.397260273972602,761.0,solved_or_feasible,optimal,optimization_hard_runtime,0.023833036422729492,159.9828770160675,0.9168720245361328,0.0009460217787404505,0.7221815049030172,0.7214983054711754,1634,378,1600,0.9833333333333333,0.092862,0.6293195049030172,0.7221815049030172,0.003204416140345645,0.0021943544432259455,0.0022511999999999996,0.0,0.0,0.7221815049030172,1.2,1.2,1.2,0.0,0.008022066950940612,0.008022066950940612,0.009626480341128736,0.0026532,0.0026531999999999997,3.7947076036992655e-19,0.006973162569720091,0.0,0.0,1.001402040579099,0.7664482252388642,1.0,0.87890625,0.9984544401348872,0.8390921993116949,0.9981634563645253,0.8642364211343989,34,180,0.001
35,85001,0.9,2.0,0.75,0.5,0.5,4,10,5,5,90,1.5,0.7,8.0,48.0,0.2,0.2,0.1,74,159.0,0.828125,2.6166666666666667,False,True,0.47297297297297297,0.25675675675675674,1.6891891891891893,9.0,8.527027027027026,833.0,solved_or_feasible,time_limit,optimization_hard_gap,0.022350788116455078,180.01896214485168,3.8371901512145996,0.009050120219855712,0.7469770089165124,0.7402167771843498,1544,379,1510,0.9,0.092862,0.6541150089165124,0.7469770089165124,0.002965886646062409,0.002248044203897569,0.0022511999999999996,0.0,0.0,0.7469770089165124,1.2,1.2,1.2,0.0,0.00795059769259479,0.00795059769259479,0.009540717231113749,0.0026532,0.0026531999999999997,6.776263578034403e-19,0.006887517231113746,0.0,0.0,0.9942887875913956,0.7437574105012079,1.0,0.83984375,0.9988167526842664,0.8296164100382573,0.9994039448769908,0.8152697989789437,35,180,0.001
35,85002,0.9,2.0,0.75,0.5,0.5,4,10,5,5,90,1.5,0.7,8.0,48.0,0.2,0.2,0.1,70,167.0,0.8697916666666666,2.783333333333333,False,True,0.37142857142857144,0.21428571428571427,1.9142857142857144,8.5,8.471428571428572,772.0,solved_or_feasible,time_limit,optimization_hard_gap,0.02333378791809082,180.0244710445404,3.930530071258545,0.002215700039464783,0.6891519857117752,0.6876250316298363,1551,375,1517,0.9166666666666666,0.092862,0.5962899857117752,0.6891519857117752,0.003112218793038052,0.002247721478287888,0.0022511999999999996,0.0,0.0,0.6891519857117752,1.2,1.2,1.2,0.0,0.00769074857121658,0.00769074857121658,0.009228898285459895,0.0026532,0.0026532,5.149960319306146e-19,0.006575698285459894,0.0,0.0,0.9995711723752005,0.7397350601603765,1.0,0.88671875,0.9972133421104863,0.8616988206224192,0.999278623977732,0.8632998686482127,35,180,0.001
35,85003,0.9,2.0,0.75,0.5,0.5,4,10,5,5,90,1.5,0.7,8.0,48.0,0.2,0.2,0.1,64,165.0,0.859375,2.7333333333333334,False,True,0.40625,0.25,1.953125,9.0,8.59375,745.0,solved_or_feasible,optimal,optimization_hard_runtime,0.021094083786010742,21.186831951141357,3.127941846847534,0.0008967911774085055,0.6965689496499248,0.695944272761422,1427,369,1393,0.95,0.092862,0.6037069496499248,0.6965689496499248,0.0031858706494908313,0.0022125937318030033,0.0022511999999999996,0.0,0.0,0.6965689496499248,1.2,1.2,1.2,0.0,0.007779538713042064,0.007779538713042064,0.009335446455650475,0.0026532,0.0026532,3.5236570605778894e-19,0.006682246455650473,0.0,0.0,1.0033985386151374,0.7453732699958892,1.0,0.86328125,0.9992748406192924,0.8379006966105711,0.9992385086547607,0.8301646435780399,35,180,0.001
