hour,renewable_available,grid_price,pue,baseline_load
0,0.0,70.0,1.25,0.0
1,0.0,70.0,1.25,0.0
2,0.0,70.0,1.25,0.0
3,0.0,70.0,1.25,0.0
4,0.0,70.0,1.25,0.0
5,0.0,70.0,1.25,0.0
6,0.0,70.0,1.25,0.0
7,0.13324004441877768,70.0,1.25,0.0
8,0.25739999999999996,70.0,1.25,0.0
9,0.36401857095483464,70.0,1.25,0.0
10,0.44582987786822903,55.0,1.25,0.0
11,0.4972586153736124,55.0,1.25,0.0
12,0.5148,55.0,1.25,0.0
13,0.4972586153736124,55.0,1.25,0.0
14,0.4458298778682291,55.0,1.25,0.0
15,0.3640185709548347,55.0,1.25,0.0
16,0.25739999999999996,55.0,1.25,0.0
17,0.13324004441877782,70.0,1.25,0.0
18,6.304481722010575e-17,90.0,1.25,0.0
19,0.0,90.0,1.25,0.0
20,0.0,90.0,1.25,0.0
21,0.0,90.0,1.25,0.0
22,0.0,90.0,1.25,0.0
23,0.0,70.0,1.25,0.0
